-- phpMyAdmin SQL Dump
-- version 5.2.0
-- https://www.phpmyadmin.net/
--
-- Host: 127.0.0.1
-- Generation Time: Sep 25, 2022 at 04:35 PM
-- Server version: 10.4.24-MariaDB
-- PHP Version: 8.1.6

SET SQL_MODE = "NO_AUTO_VALUE_ON_ZERO";
START TRANSACTION;
SET time_zone = "+00:00";


/*!40101 SET @OLD_CHARACTER_SET_CLIENT=@@CHARACTER_SET_CLIENT */;
/*!40101 SET @OLD_CHARACTER_SET_RESULTS=@@CHARACTER_SET_RESULTS */;
/*!40101 SET @OLD_COLLATION_CONNECTION=@@COLLATION_CONNECTION */;
/*!40101 SET NAMES utf8mb4 */;

--
-- Database: `ruet`
--

-- --------------------------------------------------------

--
-- Table structure for table `attendance`
--

CREATE TABLE `attendance` (
  `id` int(11) NOT NULL,
  `roll` varchar(50) NOT NULL,
  `cid` varchar(50) NOT NULL,
  `cycle` varchar(50) NOT NULL,
  `day` varchar(50) NOT NULL,
  `attendance` int(11) NOT NULL,
  `teacher` varchar(100) NOT NULL
) ENGINE=InnoDB DEFAULT CHARSET=latin1;

--
-- Dumping data for table `attendance`
--

INSERT INTO `attendance` (`id`, `roll`, `cid`, `cycle`, `day`, `attendance`, `teacher`) VALUES
(1626, '1803061', '1', '11', 'Saturday', 1, 'DIP '),
(1627, '1803062', '1', '11', 'Saturday', 1, 'DIP '),
(1628, '1803063', '1', '11', 'Saturday', 1, 'DIP '),
(1629, '1803064', '1', '11', 'Saturday', 1, 'DIP '),
(1630, '1803065', '1', '11', 'Saturday', 1, 'DIP '),
(1631, '1803066', '1', '11', 'Saturday', 1, 'DIP '),
(1632, '1803067', '1', '11', 'Saturday', 1, 'DIP '),
(1633, '1803068', '1', '11', 'Saturday', 0, 'DIP '),
(1634, '1803069', '1', '11', 'Saturday', 1, 'DIP '),
(1635, '1803070', '1', '11', 'Saturday', 1, 'DIP '),
(1636, '1803071', '1', '11', 'Saturday', 1, 'DIP '),
(1637, '1803072', '1', '11', 'Saturday', 1, 'DIP '),
(1638, '1803073', '1', '11', 'Saturday', 1, 'DIP '),
(1639, '1803074', '1', '11', 'Saturday', 1, 'DIP '),
(1640, '1803075', '1', '11', 'Saturday', 0, 'DIP '),
(1641, '1803076', '1', '11', 'Saturday', 0, 'DIP '),
(1642, '1803077', '1', '11', 'Saturday', 1, 'DIP '),
(1643, '1803078', '1', '11', 'Saturday', 1, 'DIP '),
(1644, '1803079', '1', '11', 'Saturday', 1, 'DIP '),
(1645, '1803080', '1', '11', 'Saturday', 1, 'DIP '),
(1646, '1803081', '1', '11', 'Saturday', 1, 'DIP '),
(1647, '1803082', '1', '11', 'Saturday', 1, 'DIP '),
(1648, '1803083', '1', '11', 'Saturday', 1, 'DIP '),
(1649, '1803084', '1', '11', 'Saturday', 1, 'DIP '),
(1650, '1803085', '1', '11', 'Saturday', 1, 'DIP '),
(1651, '1803086', '1', '11', 'Saturday', 0, 'DIP '),
(1652, '1803087', '1', '11', 'Saturday', 0, 'DIP '),
(1653, '1803088', '1', '11', 'Saturday', 1, 'DIP '),
(1654, '1803089', '1', '11', 'Saturday', 1, 'DIP '),
(1655, '1803090', '1', '11', 'Saturday', 1, 'DIP '),
(1656, '1803091', '1', '11', 'Saturday', 1, 'DIP '),
(1657, '1803092', '1', '11', 'Saturday', 1, 'DIP '),
(1658, '1803093', '1', '11', 'Saturday', 1, 'DIP '),
(1659, '1803094', '1', '11', 'Saturday', 1, 'DIP '),
(1660, '1803095', '1', '11', 'Saturday', 1, 'DIP '),
(1661, '1803096', '1', '11', 'Saturday', 1, 'DIP '),
(1662, '1803097', '1', '11', 'Saturday', 1, 'DIP '),
(1663, '1803098', '1', '11', 'Saturday', 1, 'DIP '),
(1664, '1803099', '1', '11', 'Saturday', 1, 'DIP '),
(1665, '1803100', '1', '11', 'Saturday', 1, 'DIP '),
(1666, '1803101', '1', '11', 'Saturday', 1, 'DIP '),
(1667, '1803102', '1', '11', 'Saturday', 1, 'DIP '),
(1668, '1803103', '1', '11', 'Saturday', 1, 'DIP '),
(1669, '1803104', '1', '11', 'Saturday', 1, 'DIP '),
(1670, '1803105', '1', '11', 'Saturday', 1, 'DIP '),
(1671, '1803106', '1', '11', 'Saturday', 0, 'DIP '),
(1672, '1803107', '1', '11', 'Saturday', 0, 'DIP '),
(1673, '1803108', '1', '11', 'Saturday', 1, 'DIP '),
(1674, '1803109', '1', '11', 'Saturday', 1, 'DIP '),
(1675, '1803110', '1', '11', 'Saturday', 1, 'DIP '),
(1676, '1803111', '1', '11', 'Saturday', 1, 'DIP '),
(1677, '1803112', '1', '11', 'Saturday', 1, 'DIP '),
(1678, '1803113', '1', '11', 'Saturday', 1, 'DIP '),
(1679, '1803114', '1', '11', 'Saturday', 1, 'DIP '),
(1680, '1803115', '1', '11', 'Saturday', 1, 'DIP '),
(1681, '1803116', '1', '11', 'Saturday', 1, 'DIP '),
(1682, '1803117', '1', '11', 'Saturday', 0, 'DIP '),
(1683, '1803118', '1', '11', 'Saturday', 1, 'DIP '),
(1684, '1803119', '1', '11', 'Saturday', 1, 'DIP '),
(1685, '1803120', '1', '11', 'Saturday', 1, 'DIP '),
(1686, '1803061', '1', '1', 'Saturday', 1, 'DIP '),
(1687, '1803062', '1', '1', 'Saturday', 1, 'DIP '),
(1688, '1803063', '1', '1', 'Saturday', 0, 'DIP '),
(1689, '1803064', '1', '1', 'Saturday', 0, 'DIP '),
(1690, '1803065', '1', '1', 'Saturday', 0, 'DIP '),
(1691, '1803066', '1', '1', 'Saturday', 0, 'DIP '),
(1692, '1803067', '1', '1', 'Saturday', 0, 'DIP '),
(1693, '1803068', '1', '1', 'Saturday', 0, 'DIP '),
(1694, '1803069', '1', '1', 'Saturday', 0, 'DIP '),
(1695, '1803070', '1', '1', 'Saturday', 0, 'DIP '),
(1696, '1803071', '1', '1', 'Saturday', 0, 'DIP '),
(1697, '1803072', '1', '1', 'Saturday', 0, 'DIP '),
(1698, '1803073', '1', '1', 'Saturday', 0, 'DIP '),
(1699, '1803074', '1', '1', 'Saturday', 0, 'DIP '),
(1700, '1803075', '1', '1', 'Saturday', 0, 'DIP '),
(1701, '1803076', '1', '1', 'Saturday', 0, 'DIP '),
(1702, '1803077', '1', '1', 'Saturday', 0, 'DIP '),
(1703, '1803078', '1', '1', 'Saturday', 0, 'DIP '),
(1704, '1803079', '1', '1', 'Saturday', 0, 'DIP '),
(1705, '1803080', '1', '1', 'Saturday', 0, 'DIP '),
(1706, '1803081', '1', '1', 'Saturday', 0, 'DIP '),
(1707, '1803082', '1', '1', 'Saturday', 0, 'DIP '),
(1708, '1803083', '1', '1', 'Saturday', 0, 'DIP '),
(1709, '1803084', '1', '1', 'Saturday', 0, 'DIP '),
(1710, '1803085', '1', '1', 'Saturday', 0, 'DIP '),
(1711, '1803086', '1', '1', 'Saturday', 0, 'DIP '),
(1712, '1803087', '1', '1', 'Saturday', 0, 'DIP '),
(1713, '1803088', '1', '1', 'Saturday', 0, 'DIP '),
(1714, '1803089', '1', '1', 'Saturday', 0, 'DIP '),
(1715, '1803090', '1', '1', 'Saturday', 0, 'DIP '),
(1716, '1803091', '1', '1', 'Saturday', 0, 'DIP '),
(1717, '1803092', '1', '1', 'Saturday', 0, 'DIP '),
(1718, '1803093', '1', '1', 'Saturday', 0, 'DIP '),
(1719, '1803094', '1', '1', 'Saturday', 0, 'DIP '),
(1720, '1803095', '1', '1', 'Saturday', 0, 'DIP '),
(1721, '1803096', '1', '1', 'Saturday', 0, 'DIP '),
(1722, '1803097', '1', '1', 'Saturday', 0, 'DIP '),
(1723, '1803098', '1', '1', 'Saturday', 0, 'DIP '),
(1724, '1803099', '1', '1', 'Saturday', 0, 'DIP '),
(1725, '1803100', '1', '1', 'Saturday', 0, 'DIP '),
(1726, '1803101', '1', '1', 'Saturday', 0, 'DIP '),
(1727, '1803102', '1', '1', 'Saturday', 0, 'DIP '),
(1728, '1803103', '1', '1', 'Saturday', 0, 'DIP '),
(1729, '1803104', '1', '1', 'Saturday', 0, 'DIP '),
(1730, '1803105', '1', '1', 'Saturday', 0, 'DIP '),
(1731, '1803106', '1', '1', 'Saturday', 0, 'DIP '),
(1732, '1803107', '1', '1', 'Saturday', 0, 'DIP '),
(1733, '1803108', '1', '1', 'Saturday', 1, 'DIP '),
(1734, '1803109', '1', '1', 'Saturday', 0, 'DIP '),
(1735, '1803110', '1', '1', 'Saturday', 0, 'DIP '),
(1736, '1803111', '1', '1', 'Saturday', 0, 'DIP '),
(1737, '1803112', '1', '1', 'Saturday', 0, 'DIP '),
(1738, '1803113', '1', '1', 'Saturday', 0, 'DIP '),
(1739, '1803114', '1', '1', 'Saturday', 0, 'DIP '),
(1740, '1803115', '1', '1', 'Saturday', 0, 'DIP '),
(1741, '1803116', '1', '1', 'Saturday', 0, 'DIP '),
(1742, '1803117', '1', '1', 'Saturday', 1, 'DIP '),
(1743, '1803118', '1', '1', 'Saturday', 0, 'DIP '),
(1744, '1803119', '1', '1', 'Saturday', 0, 'DIP '),
(1745, '1803120', '1', '1', 'Saturday', 0, 'DIP '),
(1746, '1803061', '4', '1', 'Saturday', 1, 'DIP '),
(1747, '1803062', '4', '1', 'Saturday', 1, 'DIP '),
(1748, '1803063', '4', '1', 'Saturday', 1, 'DIP '),
(1749, '1803064', '4', '1', 'Saturday', 1, 'DIP '),
(1750, '1803065', '4', '1', 'Saturday', 1, 'DIP '),
(1751, '1803066', '4', '1', 'Saturday', 1, 'DIP '),
(1752, '1803067', '4', '1', 'Saturday', 1, 'DIP '),
(1753, '1803068', '4', '1', 'Saturday', 1, 'DIP '),
(1754, '1803069', '4', '1', 'Saturday', 1, 'DIP '),
(1755, '1803070', '4', '1', 'Saturday', 1, 'DIP '),
(1756, '1803071', '4', '1', 'Saturday', 1, 'DIP '),
(1757, '1803072', '4', '1', 'Saturday', 1, 'DIP '),
(1758, '1803073', '4', '1', 'Saturday', 1, 'DIP '),
(1759, '1803074', '4', '1', 'Saturday', 1, 'DIP '),
(1760, '1803075', '4', '1', 'Saturday', 1, 'DIP '),
(1761, '1803076', '4', '1', 'Saturday', 1, 'DIP '),
(1762, '1803077', '4', '1', 'Saturday', 1, 'DIP '),
(1763, '1803078', '4', '1', 'Saturday', 1, 'DIP '),
(1764, '1803079', '4', '1', 'Saturday', 1, 'DIP '),
(1765, '1803080', '4', '1', 'Saturday', 1, 'DIP '),
(1766, '1803081', '4', '1', 'Saturday', 1, 'DIP '),
(1767, '1803082', '4', '1', 'Saturday', 1, 'DIP '),
(1768, '1803083', '4', '1', 'Saturday', 1, 'DIP '),
(1769, '1803084', '4', '1', 'Saturday', 1, 'DIP '),
(1770, '1803085', '4', '1', 'Saturday', 1, 'DIP '),
(1771, '1803086', '4', '1', 'Saturday', 1, 'DIP '),
(1772, '1803087', '4', '1', 'Saturday', 1, 'DIP '),
(1773, '1803088', '4', '1', 'Saturday', 1, 'DIP '),
(1774, '1803089', '4', '1', 'Saturday', 1, 'DIP '),
(1775, '1803090', '4', '1', 'Saturday', 1, 'DIP '),
(1776, '1803091', '4', '1', 'Saturday', 1, 'DIP '),
(1777, '1803092', '4', '1', 'Saturday', 1, 'DIP '),
(1778, '1803093', '4', '1', 'Saturday', 1, 'DIP '),
(1779, '1803094', '4', '1', 'Saturday', 1, 'DIP '),
(1780, '1803095', '4', '1', 'Saturday', 1, 'DIP '),
(1781, '1803096', '4', '1', 'Saturday', 1, 'DIP '),
(1782, '1803097', '4', '1', 'Saturday', 1, 'DIP '),
(1783, '1803098', '4', '1', 'Saturday', 1, 'DIP '),
(1784, '1803099', '4', '1', 'Saturday', 1, 'DIP '),
(1785, '1803100', '4', '1', 'Saturday', 1, 'DIP '),
(1786, '1803101', '4', '1', 'Saturday', 1, 'DIP '),
(1787, '1803102', '4', '1', 'Saturday', 1, 'DIP '),
(1788, '1803103', '4', '1', 'Saturday', 1, 'DIP '),
(1789, '1803104', '4', '1', 'Saturday', 1, 'DIP '),
(1790, '1803105', '4', '1', 'Saturday', 1, 'DIP '),
(1791, '1803106', '4', '1', 'Saturday', 1, 'DIP '),
(1792, '1803107', '4', '1', 'Saturday', 1, 'DIP '),
(1793, '1803108', '4', '1', 'Saturday', 1, 'DIP '),
(1794, '1803109', '4', '1', 'Saturday', 1, 'DIP '),
(1795, '1803110', '4', '1', 'Saturday', 1, 'DIP '),
(1796, '1803111', '4', '1', 'Saturday', 1, 'DIP '),
(1797, '1803112', '4', '1', 'Saturday', 1, 'DIP '),
(1798, '1803113', '4', '1', 'Saturday', 1, 'DIP '),
(1799, '1803114', '4', '1', 'Saturday', 1, 'DIP '),
(1800, '1803115', '4', '1', 'Saturday', 1, 'DIP '),
(1801, '1803116', '4', '1', 'Saturday', 1, 'DIP '),
(1802, '1803117', '4', '1', 'Saturday', 1, 'DIP '),
(1803, '1803118', '4', '1', 'Saturday', 1, 'DIP '),
(1804, '1803119', '4', '1', 'Saturday', 1, 'DIP '),
(1805, '1803120', '4', '1', 'Saturday', 1, 'DIP '),
(1806, '1803061', '1', '6', 'Monday', 0, 'DIP '),
(1807, '1803062', '1', '6', 'Monday', 1, 'DIP '),
(1808, '1803063', '1', '6', 'Monday', 1, 'DIP '),
(1809, '1803064', '1', '6', 'Monday', 0, 'DIP '),
(1810, '1803065', '1', '6', 'Monday', 0, 'DIP '),
(1811, '1803066', '1', '6', 'Monday', 0, 'DIP '),
(1812, '1803067', '1', '6', 'Monday', 1, 'DIP '),
(1813, '1803068', '1', '6', 'Monday', 0, 'DIP '),
(1814, '1803069', '1', '6', 'Monday', 1, 'DIP '),
(1815, '1803070', '1', '6', 'Monday', 1, 'DIP '),
(1816, '1803071', '1', '6', 'Monday', 1, 'DIP '),
(1817, '1803072', '1', '6', 'Monday', 0, 'DIP '),
(1818, '1803073', '1', '6', 'Monday', 0, 'DIP '),
(1819, '1803074', '1', '6', 'Monday', 0, 'DIP '),
(1820, '1803075', '1', '6', 'Monday', 0, 'DIP '),
(1821, '1803076', '1', '6', 'Monday', 0, 'DIP '),
(1822, '1803077', '1', '6', 'Monday', 0, 'DIP '),
(1823, '1803078', '1', '6', 'Monday', 0, 'DIP '),
(1824, '1803079', '1', '6', 'Monday', 0, 'DIP '),
(1825, '1803080', '1', '6', 'Monday', 0, 'DIP '),
(1826, '1803081', '1', '6', 'Monday', 0, 'DIP '),
(1827, '1803082', '1', '6', 'Monday', 0, 'DIP '),
(1828, '1803083', '1', '6', 'Monday', 0, 'DIP '),
(1829, '1803084', '1', '6', 'Monday', 0, 'DIP '),
(1830, '1803085', '1', '6', 'Monday', 0, 'DIP '),
(1831, '1803086', '1', '6', 'Monday', 1, 'DIP '),
(1832, '1803087', '1', '6', 'Monday', 1, 'DIP '),
(1833, '1803088', '1', '6', 'Monday', 0, 'DIP '),
(1834, '1803089', '1', '6', 'Monday', 0, 'DIP '),
(1835, '1803090', '1', '6', 'Monday', 0, 'DIP '),
(1836, '1803091', '1', '6', 'Monday', 0, 'DIP '),
(1837, '1803092', '1', '6', 'Monday', 0, 'DIP '),
(1838, '1803093', '1', '6', 'Monday', 0, 'DIP '),
(1839, '1803094', '1', '6', 'Monday', 0, 'DIP '),
(1840, '1803095', '1', '6', 'Monday', 0, 'DIP '),
(1841, '1803096', '1', '6', 'Monday', 0, 'DIP '),
(1842, '1803097', '1', '6', 'Monday', 0, 'DIP '),
(1843, '1803098', '1', '6', 'Monday', 0, 'DIP '),
(1844, '1803099', '1', '6', 'Monday', 0, 'DIP '),
(1845, '1803100', '1', '6', 'Monday', 0, 'DIP '),
(1846, '1803101', '1', '6', 'Monday', 0, 'DIP '),
(1847, '1803102', '1', '6', 'Monday', 0, 'DIP '),
(1848, '1803103', '1', '6', 'Monday', 0, 'DIP '),
(1849, '1803104', '1', '6', 'Monday', 0, 'DIP '),
(1850, '1803105', '1', '6', 'Monday', 0, 'DIP '),
(1851, '1803106', '1', '6', 'Monday', 0, 'DIP '),
(1852, '1803107', '1', '6', 'Monday', 0, 'DIP '),
(1853, '1803108', '1', '6', 'Monday', 0, 'DIP '),
(1854, '1803109', '1', '6', 'Monday', 0, 'DIP '),
(1855, '1803110', '1', '6', 'Monday', 0, 'DIP '),
(1856, '1803111', '1', '6', 'Monday', 0, 'DIP '),
(1857, '1803112', '1', '6', 'Monday', 0, 'DIP '),
(1858, '1803113', '1', '6', 'Monday', 0, 'DIP '),
(1859, '1803114', '1', '6', 'Monday', 0, 'DIP '),
(1860, '1803115', '1', '6', 'Monday', 0, 'DIP '),
(1861, '1803116', '1', '6', 'Monday', 0, 'DIP '),
(1862, '1803117', '1', '6', 'Monday', 0, 'DIP '),
(1863, '1803118', '1', '6', 'Monday', 0, 'DIP '),
(1864, '1803119', '1', '6', 'Monday', 0, 'DIP '),
(1865, '1803120', '1', '6', 'Monday', 0, 'DIP '),
(1866, '1803061', '1', '13', 'Tuesday', 0, 'DIP '),
(1867, '1803062', '1', '13', 'Tuesday', 1, 'DIP '),
(1868, '1803063', '1', '13', 'Tuesday', 0, 'DIP '),
(1869, '1803064', '1', '13', 'Tuesday', 1, 'DIP '),
(1870, '1803065', '1', '13', 'Tuesday', 0, 'DIP '),
(1871, '1803066', '1', '13', 'Tuesday', 1, 'DIP '),
(1872, '1803067', '1', '13', 'Tuesday', 0, 'DIP '),
(1873, '1803068', '1', '13', 'Tuesday', 1, 'DIP '),
(1874, '1803069', '1', '13', 'Tuesday', 1, 'DIP '),
(1875, '1803070', '1', '13', 'Tuesday', 0, 'DIP '),
(1876, '1803071', '1', '13', 'Tuesday', 0, 'DIP '),
(1877, '1803072', '1', '13', 'Tuesday', 0, 'DIP '),
(1878, '1803073', '1', '13', 'Tuesday', 0, 'DIP '),
(1879, '1803074', '1', '13', 'Tuesday', 0, 'DIP '),
(1880, '1803075', '1', '13', 'Tuesday', 0, 'DIP '),
(1881, '1803076', '1', '13', 'Tuesday', 0, 'DIP '),
(1882, '1803077', '1', '13', 'Tuesday', 0, 'DIP '),
(1883, '1803078', '1', '13', 'Tuesday', 0, 'DIP '),
(1884, '1803079', '1', '13', 'Tuesday', 0, 'DIP '),
(1885, '1803080', '1', '13', 'Tuesday', 0, 'DIP '),
(1886, '1803081', '1', '13', 'Tuesday', 0, 'DIP '),
(1887, '1803082', '1', '13', 'Tuesday', 0, 'DIP '),
(1888, '1803083', '1', '13', 'Tuesday', 0, 'DIP '),
(1889, '1803084', '1', '13', 'Tuesday', 0, 'DIP '),
(1890, '1803085', '1', '13', 'Tuesday', 0, 'DIP '),
(1891, '1803086', '1', '13', 'Tuesday', 0, 'DIP '),
(1892, '1803087', '1', '13', 'Tuesday', 0, 'DIP '),
(1893, '1803088', '1', '13', 'Tuesday', 1, 'DIP '),
(1894, '1803089', '1', '13', 'Tuesday', 1, 'DIP '),
(1895, '1803090', '1', '13', 'Tuesday', 0, 'DIP '),
(1896, '1803091', '1', '13', 'Tuesday', 0, 'DIP '),
(1897, '1803092', '1', '13', 'Tuesday', 0, 'DIP '),
(1898, '1803093', '1', '13', 'Tuesday', 0, 'DIP '),
(1899, '1803094', '1', '13', 'Tuesday', 0, 'DIP '),
(1900, '1803095', '1', '13', 'Tuesday', 0, 'DIP '),
(1901, '1803096', '1', '13', 'Tuesday', 0, 'DIP '),
(1902, '1803097', '1', '13', 'Tuesday', 0, 'DIP '),
(1903, '1803098', '1', '13', 'Tuesday', 0, 'DIP '),
(1904, '1803099', '1', '13', 'Tuesday', 0, 'DIP '),
(1905, '1803100', '1', '13', 'Tuesday', 0, 'DIP '),
(1906, '1803101', '1', '13', 'Tuesday', 0, 'DIP '),
(1907, '1803102', '1', '13', 'Tuesday', 0, 'DIP '),
(1908, '1803103', '1', '13', 'Tuesday', 0, 'DIP '),
(1909, '1803104', '1', '13', 'Tuesday', 0, 'DIP '),
(1910, '1803105', '1', '13', 'Tuesday', 0, 'DIP '),
(1911, '1803106', '1', '13', 'Tuesday', 0, 'DIP '),
(1912, '1803107', '1', '13', 'Tuesday', 0, 'DIP '),
(1913, '1803108', '1', '13', 'Tuesday', 0, 'DIP '),
(1914, '1803109', '1', '13', 'Tuesday', 1, 'DIP '),
(1915, '1803110', '1', '13', 'Tuesday', 1, 'DIP '),
(1916, '1803111', '1', '13', 'Tuesday', 0, 'DIP '),
(1917, '1803112', '1', '13', 'Tuesday', 0, 'DIP '),
(1918, '1803113', '1', '13', 'Tuesday', 0, 'DIP '),
(1919, '1803114', '1', '13', 'Tuesday', 0, 'DIP '),
(1920, '1803115', '1', '13', 'Tuesday', 0, 'DIP '),
(1921, '1803116', '1', '13', 'Tuesday', 1, 'DIP '),
(1922, '1803117', '1', '13', 'Tuesday', 1, 'DIP '),
(1923, '1803118', '1', '13', 'Tuesday', 0, 'DIP '),
(1924, '1803119', '1', '13', 'Tuesday', 0, 'DIP '),
(1925, '1803120', '1', '13', 'Tuesday', 0, 'DIP '),
(1926, '1803061', '6', '10', 'Saturday', 0, 'DIP '),
(1927, '1803062', '6', '10', 'Saturday', 0, 'DIP '),
(1928, '1803063', '6', '10', 'Saturday', 0, 'DIP '),
(1929, '1803064', '6', '10', 'Saturday', 1, 'DIP '),
(1930, '1803065', '6', '10', 'Saturday', 1, 'DIP '),
(1931, '1803066', '6', '10', 'Saturday', 0, 'DIP '),
(1932, '1803067', '6', '10', 'Saturday', 0, 'DIP '),
(1933, '1803068', '6', '10', 'Saturday', 0, 'DIP '),
(1934, '1803069', '6', '10', 'Saturday', 0, 'DIP '),
(1935, '1803070', '6', '10', 'Saturday', 0, 'DIP '),
(1936, '1803071', '6', '10', 'Saturday', 0, 'DIP '),
(1937, '1803072', '6', '10', 'Saturday', 0, 'DIP '),
(1938, '1803073', '6', '10', 'Saturday', 0, 'DIP '),
(1939, '1803074', '6', '10', 'Saturday', 0, 'DIP '),
(1940, '1803075', '6', '10', 'Saturday', 0, 'DIP '),
(1941, '1803076', '6', '10', 'Saturday', 0, 'DIP '),
(1942, '1803077', '6', '10', 'Saturday', 1, 'DIP '),
(1943, '1803078', '6', '10', 'Saturday', 1, 'DIP '),
(1944, '1803079', '6', '10', 'Saturday', 0, 'DIP '),
(1945, '1803080', '6', '10', 'Saturday', 0, 'DIP '),
(1946, '1803081', '6', '10', 'Saturday', 0, 'DIP '),
(1947, '1803082', '6', '10', 'Saturday', 0, 'DIP '),
(1948, '1803083', '6', '10', 'Saturday', 0, 'DIP '),
(1949, '1803084', '6', '10', 'Saturday', 0, 'DIP '),
(1950, '1803085', '6', '10', 'Saturday', 0, 'DIP '),
(1951, '1803086', '6', '10', 'Saturday', 0, 'DIP '),
(1952, '1803087', '6', '10', 'Saturday', 0, 'DIP '),
(1953, '1803088', '6', '10', 'Saturday', 0, 'DIP '),
(1954, '1803089', '6', '10', 'Saturday', 0, 'DIP '),
(1955, '1803090', '6', '10', 'Saturday', 0, 'DIP '),
(1956, '1803091', '6', '10', 'Saturday', 0, 'DIP '),
(1957, '1803092', '6', '10', 'Saturday', 0, 'DIP '),
(1958, '1803093', '6', '10', 'Saturday', 0, 'DIP '),
(1959, '1803094', '6', '10', 'Saturday', 0, 'DIP '),
(1960, '1803095', '6', '10', 'Saturday', 0, 'DIP '),
(1961, '1803096', '6', '10', 'Saturday', 1, 'DIP '),
(1962, '1803097', '6', '10', 'Saturday', 1, 'DIP '),
(1963, '1803098', '6', '10', 'Saturday', 0, 'DIP '),
(1964, '1803099', '6', '10', 'Saturday', 0, 'DIP '),
(1965, '1803100', '6', '10', 'Saturday', 0, 'DIP '),
(1966, '1803101', '6', '10', 'Saturday', 0, 'DIP '),
(1967, '1803102', '6', '10', 'Saturday', 0, 'DIP '),
(1968, '1803103', '6', '10', 'Saturday', 0, 'DIP '),
(1969, '1803104', '6', '10', 'Saturday', 0, 'DIP '),
(1970, '1803105', '6', '10', 'Saturday', 0, 'DIP '),
(1971, '1803106', '6', '10', 'Saturday', 0, 'DIP '),
(1972, '1803107', '6', '10', 'Saturday', 0, 'DIP '),
(1973, '1803108', '6', '10', 'Saturday', 0, 'DIP '),
(1974, '1803109', '6', '10', 'Saturday', 0, 'DIP '),
(1975, '1803110', '6', '10', 'Saturday', 0, 'DIP '),
(1976, '1803111', '6', '10', 'Saturday', 0, 'DIP '),
(1977, '1803112', '6', '10', 'Saturday', 0, 'DIP '),
(1978, '1803113', '6', '10', 'Saturday', 0, 'DIP '),
(1979, '1803114', '6', '10', 'Saturday', 0, 'DIP '),
(1980, '1803115', '6', '10', 'Saturday', 0, 'DIP '),
(1981, '1803116', '6', '10', 'Saturday', 0, 'DIP '),
(1982, '1803117', '6', '10', 'Saturday', 0, 'DIP '),
(1983, '1803118', '6', '10', 'Saturday', 0, 'DIP '),
(1984, '1803119', '6', '10', 'Saturday', 0, 'DIP '),
(1985, '1803120', '6', '10', 'Saturday', 0, 'DIP '),
(1986, '1803061', '6', '8', 'Saturday', 0, 'tcr'),
(1987, '1803062', '6', '8', 'Saturday', 1, 'tcr'),
(1988, '1803063', '6', '8', 'Saturday', 1, 'tcr'),
(1989, '1803064', '6', '8', 'Saturday', 0, 'tcr'),
(1990, '1803065', '6', '8', 'Saturday', 0, 'tcr'),
(1991, '1803066', '6', '8', 'Saturday', 0, 'tcr'),
(1992, '1803067', '6', '8', 'Saturday', 1, 'tcr'),
(1993, '1803068', '6', '8', 'Saturday', 0, 'tcr'),
(1994, '1803069', '6', '8', 'Saturday', 1, 'tcr'),
(1995, '1803070', '6', '8', 'Saturday', 0, 'tcr'),
(1996, '1803071', '6', '8', 'Saturday', 0, 'tcr'),
(1997, '1803072', '6', '8', 'Saturday', 0, 'tcr'),
(1998, '1803073', '6', '8', 'Saturday', 0, 'tcr'),
(1999, '1803074', '6', '8', 'Saturday', 0, 'tcr'),
(2000, '1803075', '6', '8', 'Saturday', 0, 'tcr'),
(2001, '1803076', '6', '8', 'Saturday', 1, 'tcr'),
(2002, '1803077', '6', '8', 'Saturday', 1, 'tcr'),
(2003, '1803078', '6', '8', 'Saturday', 0, 'tcr'),
(2004, '1803079', '6', '8', 'Saturday', 0, 'tcr'),
(2005, '1803080', '6', '8', 'Saturday', 0, 'tcr'),
(2006, '1803081', '6', '8', 'Saturday', 0, 'tcr'),
(2007, '1803082', '6', '8', 'Saturday', 0, 'tcr'),
(2008, '1803083', '6', '8', 'Saturday', 0, 'tcr'),
(2009, '1803084', '6', '8', 'Saturday', 0, 'tcr'),
(2010, '1803085', '6', '8', 'Saturday', 0, 'tcr'),
(2011, '1803086', '6', '8', 'Saturday', 0, 'tcr'),
(2012, '1803087', '6', '8', 'Saturday', 0, 'tcr'),
(2013, '1803088', '6', '8', 'Saturday', 0, 'tcr'),
(2014, '1803089', '6', '8', 'Saturday', 0, 'tcr'),
(2015, '1803090', '6', '8', 'Saturday', 0, 'tcr'),
(2016, '1803091', '6', '8', 'Saturday', 1, 'tcr'),
(2017, '1803092', '6', '8', 'Saturday', 1, 'tcr'),
(2018, '1803093', '6', '8', 'Saturday', 0, 'tcr'),
(2019, '1803094', '6', '8', 'Saturday', 0, 'tcr'),
(2020, '1803095', '6', '8', 'Saturday', 0, 'tcr'),
(2021, '1803096', '6', '8', 'Saturday', 0, 'tcr'),
(2022, '1803097', '6', '8', 'Saturday', 0, 'tcr'),
(2023, '1803098', '6', '8', 'Saturday', 0, 'tcr'),
(2024, '1803099', '6', '8', 'Saturday', 0, 'tcr'),
(2025, '1803100', '6', '8', 'Saturday', 0, 'tcr'),
(2026, '1803101', '6', '8', 'Saturday', 0, 'tcr'),
(2027, '1803102', '6', '8', 'Saturday', 0, 'tcr'),
(2028, '1803103', '6', '8', 'Saturday', 0, 'tcr'),
(2029, '1803104', '6', '8', 'Saturday', 0, 'tcr'),
(2030, '1803105', '6', '8', 'Saturday', 0, 'tcr'),
(2031, '1803106', '6', '8', 'Saturday', 0, 'tcr'),
(2032, '1803107', '6', '8', 'Saturday', 0, 'tcr'),
(2033, '1803108', '6', '8', 'Saturday', 0, 'tcr'),
(2034, '1803109', '6', '8', 'Saturday', 0, 'tcr'),
(2035, '1803110', '6', '8', 'Saturday', 0, 'tcr'),
(2036, '1803111', '6', '8', 'Saturday', 0, 'tcr'),
(2037, '1803112', '6', '8', 'Saturday', 0, 'tcr'),
(2038, '1803113', '6', '8', 'Saturday', 0, 'tcr'),
(2039, '1803114', '6', '8', 'Saturday', 0, 'tcr'),
(2040, '1803115', '6', '8', 'Saturday', 0, 'tcr'),
(2041, '1803116', '6', '8', 'Saturday', 0, 'tcr'),
(2042, '1803117', '6', '8', 'Saturday', 0, 'tcr'),
(2043, '1803118', '6', '8', 'Saturday', 0, 'tcr'),
(2044, '1803119', '6', '8', 'Saturday', 0, 'tcr'),
(2045, '1803120', '6', '8', 'Saturday', 0, 'tcr'),
(2046, '1803061', '6', '12', 'Monday', 1, 'tcr'),
(2047, '1803062', '6', '12', 'Monday', 1, 'tcr'),
(2048, '1803063', '6', '12', 'Monday', 1, 'tcr'),
(2049, '1803064', '6', '12', 'Monday', 0, 'tcr'),
(2050, '1803065', '6', '12', 'Monday', 0, 'tcr'),
(2051, '1803066', '6', '12', 'Monday', 0, 'tcr'),
(2052, '1803067', '6', '12', 'Monday', 1, 'tcr'),
(2053, '1803068', '6', '12', 'Monday', 0, 'tcr'),
(2054, '1803069', '6', '12', 'Monday', 0, 'tcr'),
(2055, '1803070', '6', '12', 'Monday', 1, 'tcr'),
(2056, '1803071', '6', '12', 'Monday', 1, 'tcr'),
(2057, '1803072', '6', '12', 'Monday', 0, 'tcr'),
(2058, '1803073', '6', '12', 'Monday', 0, 'tcr'),
(2059, '1803074', '6', '12', 'Monday', 0, 'tcr'),
(2060, '1803075', '6', '12', 'Monday', 0, 'tcr'),
(2061, '1803076', '6', '12', 'Monday', 1, 'tcr'),
(2062, '1803077', '6', '12', 'Monday', 0, 'tcr'),
(2063, '1803078', '6', '12', 'Monday', 1, 'tcr'),
(2064, '1803079', '6', '12', 'Monday', 0, 'tcr'),
(2065, '1803080', '6', '12', 'Monday', 0, 'tcr'),
(2066, '1803081', '6', '12', 'Monday', 0, 'tcr'),
(2067, '1803082', '6', '12', 'Monday', 0, 'tcr'),
(2068, '1803083', '6', '12', 'Monday', 0, 'tcr'),
(2069, '1803084', '6', '12', 'Monday', 0, 'tcr'),
(2070, '1803085', '6', '12', 'Monday', 0, 'tcr'),
(2071, '1803086', '6', '12', 'Monday', 0, 'tcr'),
(2072, '1803087', '6', '12', 'Monday', 1, 'tcr'),
(2073, '1803088', '6', '12', 'Monday', 1, 'tcr'),
(2074, '1803089', '6', '12', 'Monday', 0, 'tcr'),
(2075, '1803090', '6', '12', 'Monday', 0, 'tcr'),
(2076, '1803091', '6', '12', 'Monday', 0, 'tcr'),
(2077, '1803092', '6', '12', 'Monday', 0, 'tcr'),
(2078, '1803093', '6', '12', 'Monday', 0, 'tcr'),
(2079, '1803094', '6', '12', 'Monday', 0, 'tcr'),
(2080, '1803095', '6', '12', 'Monday', 0, 'tcr'),
(2081, '1803096', '6', '12', 'Monday', 0, 'tcr'),
(2082, '1803097', '6', '12', 'Monday', 0, 'tcr'),
(2083, '1803098', '6', '12', 'Monday', 0, 'tcr'),
(2084, '1803099', '6', '12', 'Monday', 0, 'tcr'),
(2085, '1803100', '6', '12', 'Monday', 0, 'tcr'),
(2086, '1803101', '6', '12', 'Monday', 0, 'tcr'),
(2087, '1803102', '6', '12', 'Monday', 0, 'tcr'),
(2088, '1803103', '6', '12', 'Monday', 0, 'tcr'),
(2089, '1803104', '6', '12', 'Monday', 0, 'tcr'),
(2090, '1803105', '6', '12', 'Monday', 0, 'tcr'),
(2091, '1803106', '6', '12', 'Monday', 0, 'tcr'),
(2092, '1803107', '6', '12', 'Monday', 0, 'tcr'),
(2093, '1803108', '6', '12', 'Monday', 0, 'tcr'),
(2094, '1803109', '6', '12', 'Monday', 0, 'tcr'),
(2095, '1803110', '6', '12', 'Monday', 1, 'tcr'),
(2096, '1803111', '6', '12', 'Monday', 1, 'tcr'),
(2097, '1803112', '6', '12', 'Monday', 0, 'tcr'),
(2098, '1803113', '6', '12', 'Monday', 0, 'tcr'),
(2099, '1803114', '6', '12', 'Monday', 0, 'tcr'),
(2100, '1803115', '6', '12', 'Monday', 0, 'tcr'),
(2101, '1803116', '6', '12', 'Monday', 0, 'tcr'),
(2102, '1803117', '6', '12', 'Monday', 0, 'tcr'),
(2103, '1803118', '6', '12', 'Monday', 0, 'tcr'),
(2104, '1803119', '6', '12', 'Monday', 0, 'tcr'),
(2105, '1803120', '6', '12', 'Monday', 0, 'tcr'),
(2106, '1803061', '5', '8', 'Monday', 1, 'DIP '),
(2107, '1803062', '5', '8', 'Monday', 0, 'DIP '),
(2108, '1803063', '5', '8', 'Monday', 1, 'DIP '),
(2109, '1803064', '5', '8', 'Monday', 1, 'DIP '),
(2110, '1803065', '5', '8', 'Monday', 1, 'DIP '),
(2111, '1803066', '5', '8', 'Monday', 1, 'DIP '),
(2112, '1803067', '5', '8', 'Monday', 1, 'DIP '),
(2113, '1803068', '5', '8', 'Monday', 1, 'DIP '),
(2114, '1803069', '5', '8', 'Monday', 1, 'DIP '),
(2115, '1803070', '5', '8', 'Monday', 1, 'DIP '),
(2116, '1803071', '5', '8', 'Monday', 1, 'DIP '),
(2117, '1803072', '5', '8', 'Monday', 0, 'DIP '),
(2118, '1803073', '5', '8', 'Monday', 1, 'DIP '),
(2119, '1803074', '5', '8', 'Monday', 1, 'DIP '),
(2120, '1803075', '5', '8', 'Monday', 1, 'DIP '),
(2121, '1803076', '5', '8', 'Monday', 1, 'DIP '),
(2122, '1803077', '5', '8', 'Monday', 1, 'DIP '),
(2123, '1803078', '5', '8', 'Monday', 1, 'DIP '),
(2124, '1803079', '5', '8', 'Monday', 1, 'DIP '),
(2125, '1803080', '5', '8', 'Monday', 1, 'DIP '),
(2126, '1803081', '5', '8', 'Monday', 0, 'DIP '),
(2127, '1803082', '5', '8', 'Monday', 1, 'DIP '),
(2128, '1803083', '5', '8', 'Monday', 1, 'DIP '),
(2129, '1803084', '5', '8', 'Monday', 1, 'DIP '),
(2130, '1803085', '5', '8', 'Monday', 1, 'DIP '),
(2131, '1803086', '5', '8', 'Monday', 1, 'DIP '),
(2132, '1803087', '5', '8', 'Monday', 1, 'DIP '),
(2133, '1803088', '5', '8', 'Monday', 1, 'DIP '),
(2134, '1803089', '5', '8', 'Monday', 1, 'DIP '),
(2135, '1803090', '5', '8', 'Monday', 1, 'DIP '),
(2136, '1803091', '5', '8', 'Monday', 1, 'DIP '),
(2137, '1803092', '5', '8', 'Monday', 0, 'DIP '),
(2138, '1803093', '5', '8', 'Monday', 1, 'DIP '),
(2139, '1803094', '5', '8', 'Monday', 1, 'DIP '),
(2140, '1803095', '5', '8', 'Monday', 1, 'DIP '),
(2141, '1803096', '5', '8', 'Monday', 1, 'DIP '),
(2142, '1803097', '5', '8', 'Monday', 1, 'DIP '),
(2143, '1803098', '5', '8', 'Monday', 1, 'DIP '),
(2144, '1803099', '5', '8', 'Monday', 1, 'DIP '),
(2145, '1803100', '5', '8', 'Monday', 1, 'DIP '),
(2146, '1803101', '5', '8', 'Monday', 1, 'DIP '),
(2147, '1803102', '5', '8', 'Monday', 0, 'DIP '),
(2148, '1803103', '5', '8', 'Monday', 1, 'DIP '),
(2149, '1803104', '5', '8', 'Monday', 1, 'DIP '),
(2150, '1803105', '5', '8', 'Monday', 1, 'DIP '),
(2151, '1803106', '5', '8', 'Monday', 1, 'DIP '),
(2152, '1803107', '5', '8', 'Monday', 1, 'DIP '),
(2153, '1803108', '5', '8', 'Monday', 1, 'DIP '),
(2154, '1803109', '5', '8', 'Monday', 1, 'DIP '),
(2155, '1803110', '5', '8', 'Monday', 1, 'DIP '),
(2156, '1803111', '5', '8', 'Monday', 1, 'DIP '),
(2157, '1803112', '5', '8', 'Monday', 1, 'DIP '),
(2158, '1803113', '5', '8', 'Monday', 1, 'DIP '),
(2159, '1803114', '5', '8', 'Monday', 1, 'DIP '),
(2160, '1803115', '5', '8', 'Monday', 1, 'DIP '),
(2161, '1803116', '5', '8', 'Monday', 0, 'DIP '),
(2162, '1803117', '5', '8', 'Monday', 1, 'DIP '),
(2163, '1803118', '5', '8', 'Monday', 1, 'DIP '),
(2164, '1803119', '5', '8', 'Monday', 1, 'DIP '),
(2165, '1803120', '5', '8', 'Monday', 1, 'DIP '),
(2166, '1803061', '5', '8', 'Tuesday', 0, 'DIP '),
(2167, '1803062', '5', '8', 'Tuesday', 1, 'DIP '),
(2168, '1803063', '5', '8', 'Tuesday', 1, 'DIP '),
(2169, '1803064', '5', '8', 'Tuesday', 1, 'DIP '),
(2170, '1803065', '5', '8', 'Tuesday', 1, 'DIP '),
(2171, '1803066', '5', '8', 'Tuesday', 1, 'DIP '),
(2172, '1803067', '5', '8', 'Tuesday', 1, 'DIP '),
(2173, '1803068', '5', '8', 'Tuesday', 0, 'DIP '),
(2174, '1803069', '5', '8', 'Tuesday', 1, 'DIP '),
(2175, '1803070', '5', '8', 'Tuesday', 1, 'DIP '),
(2176, '1803071', '5', '8', 'Tuesday', 1, 'DIP '),
(2177, '1803072', '5', '8', 'Tuesday', 1, 'DIP '),
(2178, '1803073', '5', '8', 'Tuesday', 1, 'DIP '),
(2179, '1803074', '5', '8', 'Tuesday', 1, 'DIP '),
(2180, '1803075', '5', '8', 'Tuesday', 0, 'DIP '),
(2181, '1803076', '5', '8', 'Tuesday', 1, 'DIP '),
(2182, '1803077', '5', '8', 'Tuesday', 1, 'DIP '),
(2183, '1803078', '5', '8', 'Tuesday', 1, 'DIP '),
(2184, '1803079', '5', '8', 'Tuesday', 1, 'DIP '),
(2185, '1803080', '5', '8', 'Tuesday', 1, 'DIP '),
(2186, '1803081', '5', '8', 'Tuesday', 1, 'DIP '),
(2187, '1803082', '5', '8', 'Tuesday', 1, 'DIP '),
(2188, '1803083', '5', '8', 'Tuesday', 1, 'DIP '),
(2189, '1803084', '5', '8', 'Tuesday', 1, 'DIP '),
(2190, '1803085', '5', '8', 'Tuesday', 1, 'DIP '),
(2191, '1803086', '5', '8', 'Tuesday', 0, 'DIP '),
(2192, '1803087', '5', '8', 'Tuesday', 1, 'DIP '),
(2193, '1803088', '5', '8', 'Tuesday', 1, 'DIP '),
(2194, '1803089', '5', '8', 'Tuesday', 1, 'DIP '),
(2195, '1803090', '5', '8', 'Tuesday', 1, 'DIP '),
(2196, '1803091', '5', '8', 'Tuesday', 1, 'DIP '),
(2197, '1803092', '5', '8', 'Tuesday', 1, 'DIP '),
(2198, '1803093', '5', '8', 'Tuesday', 1, 'DIP '),
(2199, '1803094', '5', '8', 'Tuesday', 1, 'DIP '),
(2200, '1803095', '5', '8', 'Tuesday', 1, 'DIP '),
(2201, '1803096', '5', '8', 'Tuesday', 1, 'DIP '),
(2202, '1803097', '5', '8', 'Tuesday', 0, 'DIP '),
(2203, '1803098', '5', '8', 'Tuesday', 1, 'DIP '),
(2204, '1803099', '5', '8', 'Tuesday', 1, 'DIP '),
(2205, '1803100', '5', '8', 'Tuesday', 1, 'DIP '),
(2206, '1803101', '5', '8', 'Tuesday', 1, 'DIP '),
(2207, '1803102', '5', '8', 'Tuesday', 1, 'DIP '),
(2208, '1803103', '5', '8', 'Tuesday', 1, 'DIP '),
(2209, '1803104', '5', '8', 'Tuesday', 1, 'DIP '),
(2210, '1803105', '5', '8', 'Tuesday', 1, 'DIP '),
(2211, '1803106', '5', '8', 'Tuesday', 1, 'DIP '),
(2212, '1803107', '5', '8', 'Tuesday', 1, 'DIP '),
(2213, '1803108', '5', '8', 'Tuesday', 0, 'DIP '),
(2214, '1803109', '5', '8', 'Tuesday', 1, 'DIP '),
(2215, '1803110', '5', '8', 'Tuesday', 1, 'DIP '),
(2216, '1803111', '5', '8', 'Tuesday', 1, 'DIP '),
(2217, '1803112', '5', '8', 'Tuesday', 1, 'DIP '),
(2218, '1803113', '5', '8', 'Tuesday', 1, 'DIP '),
(2219, '1803114', '5', '8', 'Tuesday', 1, 'DIP '),
(2220, '1803115', '5', '8', 'Tuesday', 1, 'DIP '),
(2221, '1803116', '5', '8', 'Tuesday', 1, 'DIP '),
(2222, '1803117', '5', '8', 'Tuesday', 1, 'DIP '),
(2223, '1803118', '5', '8', 'Tuesday', 0, 'DIP '),
(2224, '1803119', '5', '8', 'Tuesday', 1, 'DIP '),
(2225, '1803120', '5', '8', 'Tuesday', 1, 'DIP '),
(2226, '1803061', '30', '4', 'Wednesday', 1, 'DIP '),
(2227, '1803062', '30', '4', 'Wednesday', 1, 'DIP '),
(2228, '1803063', '30', '4', 'Wednesday', 1, 'DIP '),
(2229, '1803064', '30', '4', 'Wednesday', 1, 'DIP '),
(2230, '1803065', '30', '4', 'Wednesday', 1, 'DIP '),
(2231, '1803066', '30', '4', 'Wednesday', 0, 'DIP '),
(2232, '1803067', '30', '4', 'Wednesday', 0, 'DIP '),
(2233, '1803068', '30', '4', 'Wednesday', 0, 'DIP '),
(2234, '1803069', '30', '4', 'Wednesday', 1, 'DIP '),
(2235, '1803070', '30', '4', 'Wednesday', 1, 'DIP '),
(2236, '1803071', '30', '4', 'Wednesday', 1, 'DIP '),
(2237, '1803072', '30', '4', 'Wednesday', 1, 'DIP '),
(2238, '1803073', '30', '4', 'Wednesday', 1, 'DIP '),
(2239, '1803074', '30', '4', 'Wednesday', 0, 'DIP '),
(2240, '1803075', '30', '4', 'Wednesday', 1, 'DIP '),
(2241, '1803076', '30', '4', 'Wednesday', 1, 'DIP '),
(2242, '1803077', '30', '4', 'Wednesday', 1, 'DIP '),
(2243, '1803078', '30', '4', 'Wednesday', 1, 'DIP '),
(2244, '1803079', '30', '4', 'Wednesday', 1, 'DIP '),
(2245, '1803080', '30', '4', 'Wednesday', 1, 'DIP '),
(2246, '1803081', '30', '4', 'Wednesday', 1, 'DIP '),
(2247, '1803082', '30', '4', 'Wednesday', 1, 'DIP '),
(2248, '1803083', '30', '4', 'Wednesday', 1, 'DIP '),
(2249, '1803084', '30', '4', 'Wednesday', 0, 'DIP '),
(2250, '1803085', '30', '4', 'Wednesday', 1, 'DIP '),
(2251, '1803086', '30', '4', 'Wednesday', 1, 'DIP '),
(2252, '1803087', '30', '4', 'Wednesday', 1, 'DIP '),
(2253, '1803088', '30', '4', 'Wednesday', 1, 'DIP '),
(2254, '1803089', '30', '4', 'Wednesday', 1, 'DIP '),
(2255, '1803090', '30', '4', 'Wednesday', 1, 'DIP '),
(2256, '1803091', '30', '4', 'Wednesday', 1, 'DIP '),
(2257, '1803092', '30', '4', 'Wednesday', 1, 'DIP '),
(2258, '1803093', '30', '4', 'Wednesday', 0, 'DIP '),
(2259, '1803094', '30', '4', 'Wednesday', 1, 'DIP '),
(2260, '1803095', '30', '4', 'Wednesday', 1, 'DIP '),
(2261, '1803096', '30', '4', 'Wednesday', 1, 'DIP '),
(2262, '1803097', '30', '4', 'Wednesday', 1, 'DIP '),
(2263, '1803098', '30', '4', 'Wednesday', 1, 'DIP '),
(2264, '1803099', '30', '4', 'Wednesday', 1, 'DIP '),
(2265, '1803100', '30', '4', 'Wednesday', 1, 'DIP '),
(2266, '1803101', '30', '4', 'Wednesday', 0, 'DIP '),
(2267, '1803102', '30', '4', 'Wednesday', 1, 'DIP '),
(2268, '1803103', '30', '4', 'Wednesday', 1, 'DIP '),
(2269, '1803104', '30', '4', 'Wednesday', 1, 'DIP '),
(2270, '1803105', '30', '4', 'Wednesday', 1, 'DIP '),
(2271, '1803106', '30', '4', 'Wednesday', 1, 'DIP '),
(2272, '1803107', '30', '4', 'Wednesday', 1, 'DIP '),
(2273, '1803108', '30', '4', 'Wednesday', 1, 'DIP '),
(2274, '1803109', '30', '4', 'Wednesday', 1, 'DIP '),
(2275, '1803110', '30', '4', 'Wednesday', 1, 'DIP '),
(2276, '1803111', '30', '4', 'Wednesday', 1, 'DIP '),
(2277, '1803112', '30', '4', 'Wednesday', 1, 'DIP '),
(2278, '1803113', '30', '4', 'Wednesday', 1, 'DIP '),
(2279, '1803114', '30', '4', 'Wednesday', 1, 'DIP '),
(2280, '1803115', '30', '4', 'Wednesday', 1, 'DIP '),
(2281, '1803116', '30', '4', 'Wednesday', 1, 'DIP '),
(2282, '1803117', '30', '4', 'Wednesday', 0, 'DIP '),
(2283, '1803118', '30', '4', 'Wednesday', 1, 'DIP '),
(2284, '1803119', '30', '4', 'Wednesday', 1, 'DIP '),
(2285, '1803120', '30', '4', 'Wednesday', 1, 'DIP '),
(2286, '1803061', '5', '11', 'Monday', 1, 'DIP '),
(2287, '1803062', '5', '11', 'Monday', 1, 'DIP '),
(2288, '1803063', '5', '11', 'Monday', 1, 'DIP '),
(2289, '1803064', '5', '11', 'Monday', 1, 'DIP '),
(2290, '1803065', '5', '11', 'Monday', 1, 'DIP '),
(2291, '1803066', '5', '11', 'Monday', 1, 'DIP '),
(2292, '1803067', '5', '11', 'Monday', 0, 'DIP '),
(2293, '1803068', '5', '11', 'Monday', 1, 'DIP '),
(2294, '1803069', '5', '11', 'Monday', 1, 'DIP '),
(2295, '1803070', '5', '11', 'Monday', 1, 'DIP '),
(2296, '1803071', '5', '11', 'Monday', 1, 'DIP '),
(2297, '1803072', '5', '11', 'Monday', 1, 'DIP '),
(2298, '1803073', '5', '11', 'Monday', 1, 'DIP '),
(2299, '1803074', '5', '11', 'Monday', 1, 'DIP '),
(2300, '1803075', '5', '11', 'Monday', 1, 'DIP '),
(2301, '1803076', '5', '11', 'Monday', 1, 'DIP '),
(2302, '1803077', '5', '11', 'Monday', 1, 'DIP '),
(2303, '1803078', '5', '11', 'Monday', 1, 'DIP '),
(2304, '1803079', '5', '11', 'Monday', 1, 'DIP '),
(2305, '1803080', '5', '11', 'Monday', 1, 'DIP '),
(2306, '1803081', '5', '11', 'Monday', 1, 'DIP '),
(2307, '1803082', '5', '11', 'Monday', 1, 'DIP '),
(2308, '1803083', '5', '11', 'Monday', 1, 'DIP '),
(2309, '1803084', '5', '11', 'Monday', 1, 'DIP '),
(2310, '1803085', '5', '11', 'Monday', 1, 'DIP '),
(2311, '1803086', '5', '11', 'Monday', 1, 'DIP '),
(2312, '1803087', '5', '11', 'Monday', 1, 'DIP '),
(2313, '1803088', '5', '11', 'Monday', 1, 'DIP '),
(2314, '1803089', '5', '11', 'Monday', 1, 'DIP '),
(2315, '1803090', '5', '11', 'Monday', 1, 'DIP '),
(2316, '1803091', '5', '11', 'Monday', 1, 'DIP '),
(2317, '1803092', '5', '11', 'Monday', 1, 'DIP '),
(2318, '1803093', '5', '11', 'Monday', 1, 'DIP '),
(2319, '1803094', '5', '11', 'Monday', 1, 'DIP '),
(2320, '1803095', '5', '11', 'Monday', 1, 'DIP '),
(2321, '1803096', '5', '11', 'Monday', 1, 'DIP '),
(2322, '1803097', '5', '11', 'Monday', 1, 'DIP '),
(2323, '1803098', '5', '11', 'Monday', 1, 'DIP '),
(2324, '1803099', '5', '11', 'Monday', 1, 'DIP '),
(2325, '1803100', '5', '11', 'Monday', 1, 'DIP '),
(2326, '1803101', '5', '11', 'Monday', 1, 'DIP '),
(2327, '1803102', '5', '11', 'Monday', 1, 'DIP '),
(2328, '1803103', '5', '11', 'Monday', 1, 'DIP '),
(2329, '1803104', '5', '11', 'Monday', 1, 'DIP '),
(2330, '1803105', '5', '11', 'Monday', 1, 'DIP '),
(2331, '1803106', '5', '11', 'Monday', 1, 'DIP '),
(2332, '1803107', '5', '11', 'Monday', 1, 'DIP '),
(2333, '1803108', '5', '11', 'Monday', 1, 'DIP '),
(2334, '1803109', '5', '11', 'Monday', 1, 'DIP '),
(2335, '1803110', '5', '11', 'Monday', 1, 'DIP '),
(2336, '1803111', '5', '11', 'Monday', 1, 'DIP '),
(2337, '1803112', '5', '11', 'Monday', 1, 'DIP '),
(2338, '1803113', '5', '11', 'Monday', 1, 'DIP '),
(2339, '1803114', '5', '11', 'Monday', 1, 'DIP '),
(2340, '1803115', '5', '11', 'Monday', 1, 'DIP '),
(2341, '1803116', '5', '11', 'Monday', 1, 'DIP '),
(2342, '1803117', '5', '11', 'Monday', 1, 'DIP '),
(2343, '1803118', '5', '11', 'Monday', 1, 'DIP '),
(2344, '1803119', '5', '11', 'Monday', 1, 'DIP '),
(2345, '1803120', '5', '11', 'Monday', 1, 'DIP ');

-- --------------------------------------------------------

--
-- Table structure for table `course`
--

CREATE TABLE `course` (
  `id` int(11) NOT NULL,
  `personID` int(11) NOT NULL,
  `cid` int(50) NOT NULL,
  `type` varchar(50) NOT NULL
) ENGINE=InnoDB DEFAULT CHARSET=latin1;

--
-- Dumping data for table `course`
--

INSERT INTO `course` (`id`, `personID`, `cid`, `type`) VALUES
(44, 2, 30, 'Teacher'),
(45, 2, 6, 'Teacher'),
(46, 2, 5, 'Teacher'),
(47, 2, 4, 'Teacher'),
(48, 111, 6, 'Teacher'),
(49, 111, 4, 'Teacher'),
(50, 111, 12, 'Teacher'),
(51, 111, 10, 'Teacher'),
(52, 2, 12, 'Teacher'),
(53, 2, 11, 'Teacher'),
(54, 2, 10, 'Teacher');

-- --------------------------------------------------------

--
-- Table structure for table `courselist`
--

CREATE TABLE `courselist` (
  `cid` int(11) NOT NULL,
  `ccode` varchar(10) NOT NULL,
  `cname` varchar(100) NOT NULL,
  `deptid` int(11) NOT NULL,
  `year` varchar(10) NOT NULL,
  `semester` varchar(10) NOT NULL
) ENGINE=InnoDB DEFAULT CHARSET=utf8mb4;

--
-- Dumping data for table `courselist`
--

INSERT INTO `courselist` (`cid`, `ccode`, `cname`, `deptid`, `year`, `semester`) VALUES
(2, 'CSE3103', 'Data Communicaton', 1, '3rd', 'odd'),
(4, 'CSE3109', 'Assembly language', 1, '3rd', 'odd'),
(5, 'CSE3105', 'software engineering', 1, '3rd', 'odd'),
(6, 'CSE3107', 'applied statistics', 1, '3rd', 'odd'),
(7, 'CSE3101', 'database system', 1, '3rd', 'odd'),
(9, 'CSE3201', 'Operating Systems', 1, '3rd', 'even'),
(10, 'CSE3203', 'Computer Architecture and Design', 1, '3rd', 'even'),
(11, 'CSE3205', 'Computer Networks', 1, '3rd', 'even'),
(12, 'CSE3207', 'Peripherals and Interfacings', 1, '3rd', 'even'),
(13, 'CSE3209', 'Artificial Intelligence', 1, '3rd', 'even'),
(14, 'EEE 1151', 'Basic Electrical Engineering', 1, '1st', 'odd'),
(15, 'Math 1113', 'Differential and Integral Calculus', 1, '1st', 'odd'),
(16, 'Hum 1113', 'Functional English', 1, '1st', 'odd'),
(17, 'Chem1113', 'Inorganic and Physical Chemistry', 1, '1st', 'odd'),
(18, 'CSE 1201', 'Data Structure', 1, '1st', 'even'),
(19, 'CSE 1203', 'Object Oriented Programming', 1, '1st', 'even'),
(20, 'Math1213', 'Co-ordinate Geometry and Ordinary Differential Equation', 1, '1st', 'even'),
(21, 'Hum1213', 'Economics, Government and Sociology', 1, '1st', 'even'),
(22, 'Phy 1213', 'Physics', 1, '1st', 'even'),
(23, 'CSE 2101', 'Discrete Mathematics', 1, '2nd', 'odd'),
(24, 'CSE 2103', 'Numerical Methods', 1, '2nd', 'odd'),
(25, 'EEE 2151', 'Analog Electronics', 1, '2nd', 'odd'),
(26, 'Math 2113', 'Vector Analysis and Linear Algebra', 1, '2nd', 'odd'),
(27, 'Hum 2113', 'Industrial Management and Accountancy', 1, '2nd', 'odd'),
(28, 'CSE 1101', 'Computer Programming', 1, '1st', 'odd'),
(29, 'CSE 2201', 'Computer Algorithms', 1, '2nd', 'even'),
(30, 'CSE 2203', 'Digital Techniques', 1, '2nd', 'even'),
(31, 'CSE 2205', 'Finite Automata Theory', 1, '2nd', 'even'),
(32, 'EEE 2251', 'Electrical Machines and Instrumentations', 1, '2nd', 'even'),
(33, 'Math 2213', 'Complex Variable, Differential Equations and Harmonic Analysis', 1, '2nd', 'even'),
(34, 'CSE 4101', 'Compiler Design', 1, '4th', 'odd'),
(35, 'CSE 4103', 'Digital Signal Processing', 1, '4th', 'odd'),
(36, 'CSE 4105', 'Digital Image Processing', 1, '4th', 'odd');

-- --------------------------------------------------------

--
-- Table structure for table `dept`
--

CREATE TABLE `dept` (
  `deptid` int(11) NOT NULL,
  `deptcode` varchar(10) NOT NULL,
  `deptname` varchar(100) NOT NULL
) ENGINE=InnoDB DEFAULT CHARSET=utf8mb4;

--
-- Dumping data for table `dept`
--

INSERT INTO `dept` (`deptid`, `deptcode`, `deptname`) VALUES
(1, 'CSE', 'Computer Science and Engineering'),
(2, 'CE', 'Civil Engineering'),
(4, 'EEE', 'Electrical and Electronics Engineering'),
(5, 'ME', 'Mechanical Engineering'),
(6, 'MTE', 'Mechatronics Engineering'),
(7, 'URP', 'Urban & Regional Planning'),
(8, 'ECE', 'Electrical & Computer Engineering'),
(9, 'ETE', 'Electronics & Telecommunication Engineering'),
(10, 'BECM', 'Building Engineering & Construction Management'),
(11, 'IPE', 'Industrial & Production Engineering'),
(12, 'GCE', 'Glass and Ceramic Engineering');

-- --------------------------------------------------------

--
-- Table structure for table `finalmark`
--

CREATE TABLE `finalmark` (
  `id` int(11) NOT NULL,
  `roll` varchar(50) NOT NULL,
  `cid` int(50) NOT NULL,
  `partA` varchar(50) NOT NULL,
  `partB` varchar(50) NOT NULL,
  `teacher` varchar(50) NOT NULL
) ENGINE=InnoDB DEFAULT CHARSET=latin1;

--
-- Dumping data for table `finalmark`
--

INSERT INTO `finalmark` (`id`, `roll`, `cid`, `partA`, `partB`, `teacher`) VALUES
(301, '1803061', 1, '5', '', 'DIP '),
(302, '1803062', 1, '', '6', 'DIP '),
(303, '1803063', 1, '5', '', 'DIP '),
(304, '1803064', 1, '7', '', 'DIP '),
(305, '1803065', 1, '', '', 'DIP '),
(306, '1803066', 1, '', '3', 'DIP '),
(307, '1803067', 1, '23', '12', 'DIP '),
(308, '1803068', 1, '', '', 'DIP '),
(309, '1803069', 1, '', '', 'DIP '),
(310, '1803070', 1, '', '', 'DIP '),
(311, '1803071', 1, '', '', 'DIP '),
(312, '1803072', 1, '', '', 'DIP '),
(313, '1803073', 1, '', '', 'DIP '),
(314, '1803074', 1, '4', '', 'DIP '),
(315, '1803075', 1, '', '', 'DIP '),
(316, '1803076', 1, '', '', 'DIP '),
(317, '1803077', 1, '', '', 'DIP '),
(318, '1803078', 1, '', '', 'DIP '),
(319, '1803079', 1, '', '', 'DIP '),
(320, '1803080', 1, '', '', 'DIP '),
(321, '1803081', 1, '', '', 'DIP '),
(322, '1803082', 1, '', '', 'DIP '),
(323, '1803083', 1, '', '', 'DIP '),
(324, '1803084', 1, '4', '6', 'DIP '),
(325, '1803085', 1, '', '', 'DIP '),
(326, '1803086', 1, '', '', 'DIP '),
(327, '1803087', 1, '', '', 'DIP '),
(328, '1803088', 1, '', '', 'DIP '),
(329, '1803089', 1, '', '', 'DIP '),
(330, '1803090', 1, '', '', 'DIP '),
(331, '1803091', 1, '', '', 'DIP '),
(332, '1803092', 1, '', '', 'DIP '),
(333, '1803093', 1, '', '', 'DIP '),
(334, '1803094', 1, '', '', 'DIP '),
(335, '1803095', 1, '', '', 'DIP '),
(336, '1803096', 1, '7', '', 'DIP '),
(337, '1803097', 1, '', '', 'DIP '),
(338, '1803098', 1, '', '', 'DIP '),
(339, '1803099', 1, '', '', 'DIP '),
(340, '1803100', 1, '', '', 'DIP '),
(341, '1803101', 1, '', '', 'DIP '),
(342, '1803102', 1, '', '', 'DIP '),
(343, '1803103', 1, '', '', 'DIP '),
(344, '1803104', 1, '', '', 'DIP '),
(345, '1803105', 1, '', '', 'DIP '),
(346, '1803106', 1, '', '', 'DIP '),
(347, '1803107', 1, '', '', 'DIP '),
(348, '1803108', 1, '4', '', 'DIP '),
(349, '1803109', 1, '', '', 'DIP '),
(350, '1803110', 1, '', '', 'DIP '),
(351, '1803111', 1, '', '', 'DIP '),
(352, '1803112', 1, '', '', 'DIP '),
(353, '1803113', 1, '', '', 'DIP '),
(354, '1803114', 1, '', '', 'DIP '),
(355, '1803115', 1, '', '', 'DIP '),
(356, '1803116', 1, '', '', 'DIP '),
(357, '1803117', 1, '', '', 'DIP '),
(358, '1803118', 1, '', '', 'DIP '),
(359, '1803119', 1, '', '', 'DIP '),
(360, '1803120', 1, '', '', 'DIP '),
(361, '1803061', 6, '14', '', 'tcr'),
(362, '1803062', 6, '4', '20', 'tcr'),
(363, '1803063', 6, '8', '6', 'tcr'),
(364, '1803064', 6, '7', '19', 'tcr'),
(365, '1803065', 6, '17', '18', 'tcr'),
(366, '1803066', 6, '', '', 'tcr'),
(367, '1803067', 6, '18', '26', 'tcr'),
(368, '1803068', 6, '', '', 'tcr'),
(369, '1803069', 6, '', '', 'tcr'),
(370, '1803070', 6, '', '', 'tcr'),
(371, '1803071', 6, '', '', 'tcr'),
(372, '1803072', 6, '', '', 'tcr'),
(373, '1803073', 6, '', '', 'tcr'),
(374, '1803074', 6, '', '', 'tcr'),
(375, '1803075', 6, '', '', 'tcr'),
(376, '1803076', 6, '', '', 'tcr'),
(377, '1803077', 6, '', '', 'tcr'),
(378, '1803078', 6, '', '', 'tcr'),
(379, '1803079', 6, '', '', 'tcr'),
(380, '1803080', 6, '', '', 'tcr'),
(381, '1803081', 6, '', '', 'tcr'),
(382, '1803082', 6, '5', '', 'tcr'),
(383, '1803083', 6, '', '4', 'tcr'),
(384, '1803084', 6, '', '', 'tcr'),
(385, '1803085', 6, '', '', 'tcr'),
(386, '1803086', 6, '', '', 'tcr'),
(387, '1803087', 6, '', '', 'tcr'),
(388, '1803088', 6, '', '', 'tcr'),
(389, '1803089', 6, '', '', 'tcr'),
(390, '1803090', 6, '', '', 'tcr'),
(391, '1803091', 6, '', '', 'tcr'),
(392, '1803092', 6, '', '', 'tcr'),
(393, '1803093', 6, '', '', 'tcr'),
(394, '1803094', 6, '', '', 'tcr'),
(395, '1803095', 6, '', '', 'tcr'),
(396, '1803096', 6, '', '', 'tcr'),
(397, '1803097', 6, '', '', 'tcr'),
(398, '1803098', 6, '', '', 'tcr'),
(399, '1803099', 6, '', '', 'tcr'),
(400, '1803100', 6, '', '', 'tcr'),
(401, '1803101', 6, '', '', 'tcr'),
(402, '1803102', 6, '', '', 'tcr'),
(403, '1803103', 6, '', '', 'tcr'),
(404, '1803104', 6, '', '', 'tcr'),
(405, '1803105', 6, '', '', 'tcr'),
(406, '1803106', 6, '', '', 'tcr'),
(407, '1803107', 6, '', '', 'tcr'),
(408, '1803108', 6, '', '', 'tcr'),
(409, '1803109', 6, '', '', 'tcr'),
(410, '1803110', 6, '', '', 'tcr'),
(411, '1803111', 6, '', '', 'tcr'),
(412, '1803112', 6, '', '', 'tcr'),
(413, '1803113', 6, '', '', 'tcr'),
(414, '1803114', 6, '', '', 'tcr'),
(415, '1803115', 6, '22', '19', 'tcr'),
(416, '1803116', 6, '', '', 'tcr'),
(417, '1803117', 6, '', '', 'tcr'),
(418, '1803118', 6, '', '', 'tcr'),
(419, '1803119', 6, '', '', 'tcr'),
(420, '1803120', 6, '', '', 'tcr'),
(421, '1803061', 5, '9', '11', 'DIP '),
(422, '1803062', 5, '', '6', 'DIP '),
(423, '1803063', 5, '', '7', 'DIP '),
(424, '1803064', 5, '8', '', 'DIP '),
(425, '1803065', 5, '', '', 'DIP '),
(426, '1803066', 5, '', '', 'DIP '),
(427, '1803067', 5, '17', '11', 'DIP '),
(428, '1803068', 5, '', '', 'DIP '),
(429, '1803069', 5, '', '', 'DIP '),
(430, '1803070', 5, '', '', 'DIP '),
(431, '1803071', 5, '', '', 'DIP '),
(432, '1803072', 5, '', '', 'DIP '),
(433, '1803073', 5, '', '', 'DIP '),
(434, '1803074', 5, '', '', 'DIP '),
(435, '1803075', 5, '', '', 'DIP '),
(436, '1803076', 5, '9', '', 'DIP '),
(437, '1803077', 5, '', '', 'DIP '),
(438, '1803078', 5, '', '', 'DIP '),
(439, '1803079', 5, '', '', 'DIP '),
(440, '1803080', 5, '', '', 'DIP '),
(441, '1803081', 5, '', '', 'DIP '),
(442, '1803082', 5, '', '', 'DIP '),
(443, '1803083', 5, '', '', 'DIP '),
(444, '1803084', 5, '', '', 'DIP '),
(445, '1803085', 5, '', '', 'DIP '),
(446, '1803086', 5, '', '', 'DIP '),
(447, '1803087', 5, '', '6', 'DIP '),
(448, '1803088', 5, '', '', 'DIP '),
(449, '1803089', 5, '', '', 'DIP '),
(450, '1803090', 5, '', '', 'DIP '),
(451, '1803091', 5, '', '', 'DIP '),
(452, '1803092', 5, '', '', 'DIP '),
(453, '1803093', 5, '', '', 'DIP '),
(454, '1803094', 5, '', '', 'DIP '),
(455, '1803095', 5, '', '', 'DIP '),
(456, '1803096', 5, '', '', 'DIP '),
(457, '1803097', 5, '', '', 'DIP '),
(458, '1803098', 5, '', '', 'DIP '),
(459, '1803099', 5, '', '', 'DIP '),
(460, '1803100', 5, '', '', 'DIP '),
(461, '1803101', 5, '', '', 'DIP '),
(462, '1803102', 5, '', '', 'DIP '),
(463, '1803103', 5, '', '', 'DIP '),
(464, '1803104', 5, '', '', 'DIP '),
(465, '1803105', 5, '', '', 'DIP '),
(466, '1803106', 5, '', '', 'DIP '),
(467, '1803107', 5, '', '', 'DIP '),
(468, '1803108', 5, '', '', 'DIP '),
(469, '1803109', 5, '', '', 'DIP '),
(470, '1803110', 5, '', '', 'DIP '),
(471, '1803111', 5, '', '', 'DIP '),
(472, '1803112', 5, '', '', 'DIP '),
(473, '1803113', 5, '', '', 'DIP '),
(474, '1803114', 5, '', '', 'DIP '),
(475, '1803115', 5, '', '', 'DIP '),
(476, '1803116', 5, '', '', 'DIP '),
(477, '1803117', 5, '', '', 'DIP '),
(478, '1803118', 5, '', '', 'DIP '),
(479, '1803119', 5, '', '', 'DIP '),
(480, '1803120', 5, '', '', 'DIP ');

-- --------------------------------------------------------

--
-- Table structure for table `login`
--

CREATE TABLE `login` (
  `id` int(11) NOT NULL,
  `email` varchar(50) NOT NULL,
  `password` varchar(50) NOT NULL,
  `type` varchar(50) NOT NULL,
  `name` varchar(100) NOT NULL,
  `dept` varchar(100) NOT NULL,
  `phone` varchar(50) NOT NULL,
  `roll` varchar(50) NOT NULL
) ENGINE=InnoDB DEFAULT CHARSET=latin1;

--
-- Dumping data for table `login`
--

INSERT INTO `login` (`id`, `email`, `password`, `type`, `name`, `dept`, `phone`, `roll`) VALUES
(1, 'diphalder716@gmail.com', '123456', 'Student', 'Dip halder', 'CSE', '1234567890', '1803067'),
(2, 'dip.h.4444@gmail.com', '12345678', 'Teacher', 'DIP ', 'CSE', '1234565', ''),
(100, 'admin@gmail.com', 'admin123', 'Admin', 'Admin', '', '', ''),
(111, 'tcr@gmail.com', '123456', 'Teacher', 'tcr', '1', '12345', ''),
(112, 'tiham@gmail.com', '123456', 'Student', 'tiham', '1', '12345', '1803067'),
(113, 'stu123@gmail.com', '123456', 'Student', 'stu', '1', '12345', '1803076');

-- --------------------------------------------------------

--
-- Table structure for table `marks`
--

CREATE TABLE `marks` (
  `id` int(11) NOT NULL,
  `roll` varchar(50) NOT NULL,
  `cid` int(50) NOT NULL,
  `ctNo` varchar(50) NOT NULL,
  `marks` varchar(50) NOT NULL,
  `teacher` varchar(50) NOT NULL
) ENGINE=InnoDB DEFAULT CHARSET=latin1;

--
-- Dumping data for table `marks`
--

INSERT INTO `marks` (`id`, `roll`, `cid`, `ctNo`, `marks`, `teacher`) VALUES
(487, '1803061', 1, '1', '3', 'DIP '),
(488, '1803062', 1, '1', '11', 'DIP '),
(489, '1803063', 1, '1', '15', 'DIP '),
(490, '1803064', 1, '1', '15', 'DIP '),
(491, '1803065', 1, '1', '3', 'DIP '),
(492, '1803066', 1, '1', 'A', 'DIP '),
(493, '1803067', 1, '1', '10', 'DIP '),
(494, '1803068', 1, '1', 'A', 'DIP '),
(495, '1803069', 1, '1', '12', 'DIP '),
(496, '1803070', 1, '1', '4', 'DIP '),
(497, '1803071', 1, '1', '5', 'DIP '),
(498, '1803072', 1, '1', '6', 'DIP '),
(499, '1803073', 1, '1', 'A', 'DIP '),
(500, '1803074', 1, '1', '7', 'DIP '),
(501, '1803075', 1, '1', '8', 'DIP '),
(502, '1803076', 1, '1', 'A', 'DIP '),
(503, '1803077', 1, '1', 'A', 'DIP '),
(504, '1803078', 1, '1', '3', 'DIP '),
(505, '1803079', 1, '1', 'A', 'DIP '),
(506, '1803080', 1, '1', '5', 'DIP '),
(507, '1803081', 1, '1', '6', 'DIP '),
(508, '1803082', 1, '1', 'A', 'DIP '),
(509, '1803083', 1, '1', '2', 'DIP '),
(510, '1803084', 1, '1', '5', 'DIP '),
(511, '1803085', 1, '1', 'A', 'DIP '),
(512, '1803086', 1, '1', '6', 'DIP '),
(513, '1803087', 1, '1', 'A', 'DIP '),
(514, '1803088', 1, '1', 'A', 'DIP '),
(515, '1803089', 1, '1', 'A', 'DIP '),
(516, '1803090', 1, '1', '7', 'DIP '),
(517, '1803091', 1, '1', '2', 'DIP '),
(518, '1803092', 1, '1', 'A', 'DIP '),
(519, '1803093', 1, '1', '5', 'DIP '),
(520, '1803094', 1, '1', 'A', 'DIP '),
(521, '1803095', 1, '1', 'A', 'DIP '),
(522, '1803096', 1, '1', 'A', 'DIP '),
(523, '1803097', 1, '1', 'A', 'DIP '),
(524, '1803098', 1, '1', 'A', 'DIP '),
(525, '1803099', 1, '1', 'A', 'DIP '),
(526, '1803100', 1, '1', 'A', 'DIP '),
(527, '1803101', 1, '1', 'A', 'DIP '),
(528, '1803102', 1, '1', 'A', 'DIP '),
(529, '1803103', 1, '1', 'A', 'DIP '),
(530, '1803104', 1, '1', 'A', 'DIP '),
(531, '1803105', 1, '1', 'A', 'DIP '),
(532, '1803106', 1, '1', '5', 'DIP '),
(533, '1803107', 1, '1', 'A', 'DIP '),
(534, '1803108', 1, '1', 'A', 'DIP '),
(535, '1803109', 1, '1', 'A', 'DIP '),
(536, '1803110', 1, '1', 'A', 'DIP '),
(537, '1803111', 1, '1', 'A', 'DIP '),
(538, '1803112', 1, '1', 'A', 'DIP '),
(539, '1803113', 1, '1', 'A', 'DIP '),
(540, '1803114', 1, '1', 'A', 'DIP '),
(541, '1803115', 1, '1', 'A', 'DIP '),
(542, '1803116', 1, '1', 'A', 'DIP '),
(543, '1803117', 1, '1', 'A', 'DIP '),
(544, '1803118', 1, '1', 'A', 'DIP '),
(545, '1803119', 1, '1', '5', 'DIP '),
(546, '1803120', 1, '1', 'A', 'DIP '),
(547, '1803061', 1, '3', 'A', 'DIP '),
(548, '1803062', 1, '3', 'A', 'DIP '),
(549, '1803063', 1, '3', '1', 'DIP '),
(550, '1803064', 1, '3', 'A', 'DIP '),
(551, '1803065', 1, '3', '5', 'DIP '),
(552, '1803066', 1, '3', '4', 'DIP '),
(553, '1803067', 1, '3', '2', 'DIP '),
(554, '1803068', 1, '3', '6', 'DIP '),
(555, '1803069', 1, '3', 'A', 'DIP '),
(556, '1803070', 1, '3', 'A', 'DIP '),
(557, '1803071', 1, '3', 'A', 'DIP '),
(558, '1803072', 1, '3', 'A', 'DIP '),
(559, '1803073', 1, '3', 'A', 'DIP '),
(560, '1803074', 1, '3', 'A', 'DIP '),
(561, '1803075', 1, '3', 'A', 'DIP '),
(562, '1803076', 1, '3', 'A', 'DIP '),
(563, '1803077', 1, '3', 'A', 'DIP '),
(564, '1803078', 1, '3', 'A', 'DIP '),
(565, '1803079', 1, '3', 'A', 'DIP '),
(566, '1803080', 1, '3', 'A', 'DIP '),
(567, '1803081', 1, '3', 'A', 'DIP '),
(568, '1803082', 1, '3', 'A', 'DIP '),
(569, '1803083', 1, '3', 'A', 'DIP '),
(570, '1803084', 1, '3', 'A', 'DIP '),
(571, '1803085', 1, '3', 'A', 'DIP '),
(572, '1803086', 1, '3', 'A', 'DIP '),
(573, '1803087', 1, '3', 'A', 'DIP '),
(574, '1803088', 1, '3', 'A', 'DIP '),
(575, '1803089', 1, '3', 'A', 'DIP '),
(576, '1803090', 1, '3', 'A', 'DIP '),
(577, '1803091', 1, '3', 'A', 'DIP '),
(578, '1803092', 1, '3', 'A', 'DIP '),
(579, '1803093', 1, '3', 'A', 'DIP '),
(580, '1803094', 1, '3', 'A', 'DIP '),
(581, '1803095', 1, '3', 'A', 'DIP '),
(582, '1803096', 1, '3', 'A', 'DIP '),
(583, '1803097', 1, '3', 'A', 'DIP '),
(584, '1803098', 1, '3', 'A', 'DIP '),
(585, '1803099', 1, '3', 'A', 'DIP '),
(586, '1803100', 1, '3', '3', 'DIP '),
(587, '1803101', 1, '3', '4', 'DIP '),
(588, '1803102', 1, '3', 'A', 'DIP '),
(589, '1803103', 1, '3', 'A', 'DIP '),
(590, '1803104', 1, '3', 'A', 'DIP '),
(591, '1803105', 1, '3', 'A', 'DIP '),
(592, '1803106', 1, '3', 'A', 'DIP '),
(593, '1803107', 1, '3', 'A', 'DIP '),
(594, '1803108', 1, '3', 'A', 'DIP '),
(595, '1803109', 1, '3', 'A', 'DIP '),
(596, '1803110', 1, '3', 'A', 'DIP '),
(597, '1803111', 1, '3', 'A', 'DIP '),
(598, '1803112', 1, '3', 'A', 'DIP '),
(599, '1803113', 1, '3', 'A', 'DIP '),
(600, '1803114', 1, '3', 'A', 'DIP '),
(601, '1803115', 1, '3', 'A', 'DIP '),
(602, '1803116', 1, '3', 'A', 'DIP '),
(603, '1803117', 1, '3', 'A', 'DIP '),
(604, '1803118', 1, '3', 'A', 'DIP '),
(605, '1803119', 1, '3', 'A', 'DIP '),
(606, '1803120', 1, '3', 'A', 'DIP '),
(607, '1803061', 6, '3', '5', 'tcr'),
(608, '1803062', 6, '3', '5', 'tcr'),
(609, '1803063', 6, '3', 'A', 'tcr'),
(610, '1803064', 6, '3', 'A', 'tcr'),
(611, '1803065', 6, '3', '5', 'tcr'),
(612, '1803066', 6, '3', 'A', 'tcr'),
(613, '1803067', 6, '3', '6', 'tcr'),
(614, '1803068', 6, '3', 'A', 'tcr'),
(615, '1803069', 6, '3', 'A', 'tcr'),
(616, '1803070', 6, '3', 'A', 'tcr'),
(617, '1803071', 6, '3', 'A', 'tcr'),
(618, '1803072', 6, '3', 'A', 'tcr'),
(619, '1803073', 6, '3', 'A', 'tcr'),
(620, '1803074', 6, '3', 'A', 'tcr'),
(621, '1803075', 6, '3', 'A', 'tcr'),
(622, '1803076', 6, '3', 'A', 'tcr'),
(623, '1803077', 6, '3', 'A', 'tcr'),
(624, '1803078', 6, '3', 'A', 'tcr'),
(625, '1803079', 6, '3', 'A', 'tcr'),
(626, '1803080', 6, '3', 'A', 'tcr'),
(627, '1803081', 6, '3', 'A', 'tcr'),
(628, '1803082', 6, '3', 'A', 'tcr'),
(629, '1803083', 6, '3', 'A', 'tcr'),
(630, '1803084', 6, '3', 'A', 'tcr'),
(631, '1803085', 6, '3', 'A', 'tcr'),
(632, '1803086', 6, '3', 'A', 'tcr'),
(633, '1803087', 6, '3', 'A', 'tcr'),
(634, '1803088', 6, '3', 'A', 'tcr'),
(635, '1803089', 6, '3', 'A', 'tcr'),
(636, '1803090', 6, '3', 'A', 'tcr'),
(637, '1803091', 6, '3', 'A', 'tcr'),
(638, '1803092', 6, '3', 'A', 'tcr'),
(639, '1803093', 6, '3', 'A', 'tcr'),
(640, '1803094', 6, '3', 'A', 'tcr'),
(641, '1803095', 6, '3', 'A', 'tcr'),
(642, '1803096', 6, '3', 'A', 'tcr'),
(643, '1803097', 6, '3', 'A', 'tcr'),
(644, '1803098', 6, '3', 'A', 'tcr'),
(645, '1803099', 6, '3', 'A', 'tcr'),
(646, '1803100', 6, '3', 'A', 'tcr'),
(647, '1803101', 6, '3', 'A', 'tcr'),
(648, '1803102', 6, '3', 'A', 'tcr'),
(649, '1803103', 6, '3', 'A', 'tcr'),
(650, '1803104', 6, '3', 'A', 'tcr'),
(651, '1803105', 6, '3', 'A', 'tcr'),
(652, '1803106', 6, '3', 'A', 'tcr'),
(653, '1803107', 6, '3', 'A', 'tcr'),
(654, '1803108', 6, '3', 'A', 'tcr'),
(655, '1803109', 6, '3', 'A', 'tcr'),
(656, '1803110', 6, '3', 'A', 'tcr'),
(657, '1803111', 6, '3', 'A', 'tcr'),
(658, '1803112', 6, '3', 'A', 'tcr'),
(659, '1803113', 6, '3', 'A', 'tcr'),
(660, '1803114', 6, '3', 'A', 'tcr'),
(661, '1803115', 6, '3', 'A', 'tcr'),
(662, '1803116', 6, '3', 'A', 'tcr'),
(663, '1803117', 6, '3', 'A', 'tcr'),
(664, '1803118', 6, '3', 'A', 'tcr'),
(665, '1803119', 6, '3', 'A', 'tcr'),
(666, '1803120', 6, '3', 'A', 'tcr'),
(667, '1803061', 6, '4', '5', 'tcr'),
(668, '1803062', 6, '4', 'A', 'tcr'),
(669, '1803063', 6, '4', 'A', 'tcr'),
(670, '1803064', 6, '4', 'A', 'tcr'),
(671, '1803065', 6, '4', '6', 'tcr'),
(672, '1803066', 6, '4', 'A', 'tcr'),
(673, '1803067', 6, '4', '6', 'tcr'),
(674, '1803068', 6, '4', 'A', 'tcr'),
(675, '1803069', 6, '4', 'A', 'tcr'),
(676, '1803070', 6, '4', 'A', 'tcr'),
(677, '1803071', 6, '4', 'A', 'tcr'),
(678, '1803072', 6, '4', 'A', 'tcr'),
(679, '1803073', 6, '4', 'A', 'tcr'),
(680, '1803074', 6, '4', 'A', 'tcr'),
(681, '1803075', 6, '4', 'A', 'tcr'),
(682, '1803076', 6, '4', 'A', 'tcr'),
(683, '1803077', 6, '4', 'A', 'tcr'),
(684, '1803078', 6, '4', 'A', 'tcr'),
(685, '1803079', 6, '4', 'A', 'tcr'),
(686, '1803080', 6, '4', 'A', 'tcr'),
(687, '1803081', 6, '4', 'A', 'tcr'),
(688, '1803082', 6, '4', 'A', 'tcr'),
(689, '1803083', 6, '4', 'A', 'tcr'),
(690, '1803084', 6, '4', 'A', 'tcr'),
(691, '1803085', 6, '4', 'A', 'tcr'),
(692, '1803086', 6, '4', 'A', 'tcr'),
(693, '1803087', 6, '4', 'A', 'tcr'),
(694, '1803088', 6, '4', 'A', 'tcr'),
(695, '1803089', 6, '4', 'A', 'tcr'),
(696, '1803090', 6, '4', 'A', 'tcr'),
(697, '1803091', 6, '4', 'A', 'tcr'),
(698, '1803092', 6, '4', 'A', 'tcr'),
(699, '1803093', 6, '4', 'A', 'tcr'),
(700, '1803094', 6, '4', 'A', 'tcr'),
(701, '1803095', 6, '4', 'A', 'tcr'),
(702, '1803096', 6, '4', 'A', 'tcr'),
(703, '1803097', 6, '4', 'A', 'tcr'),
(704, '1803098', 6, '4', 'A', 'tcr'),
(705, '1803099', 6, '4', 'A', 'tcr'),
(706, '1803100', 6, '4', 'A', 'tcr'),
(707, '1803101', 6, '4', 'A', 'tcr'),
(708, '1803102', 6, '4', '6', 'tcr'),
(709, '1803103', 6, '4', 'A', 'tcr'),
(710, '1803104', 6, '4', 'A', 'tcr'),
(711, '1803105', 6, '4', 'A', 'tcr'),
(712, '1803106', 6, '4', 'A', 'tcr'),
(713, '1803107', 6, '4', 'A', 'tcr'),
(714, '1803108', 6, '4', 'A', 'tcr'),
(715, '1803109', 6, '4', 'A', 'tcr'),
(716, '1803110', 6, '4', 'A', 'tcr'),
(717, '1803111', 6, '4', 'A', 'tcr'),
(718, '1803112', 6, '4', 'A', 'tcr'),
(719, '1803113', 6, '4', 'A', 'tcr'),
(720, '1803114', 6, '4', 'A', 'tcr'),
(721, '1803115', 6, '4', 'A', 'tcr'),
(722, '1803116', 6, '4', 'A', 'tcr'),
(723, '1803117', 6, '4', 'A', 'tcr'),
(724, '1803118', 6, '4', 'A', 'tcr'),
(725, '1803119', 6, '4', 'A', 'tcr'),
(726, '1803120', 6, '4', 'A', 'tcr'),
(727, '1803061', 6, '1', '4', 'tcr'),
(728, '1803062', 6, '1', 'A', 'tcr'),
(729, '1803063', 6, '1', '4', 'tcr'),
(730, '1803064', 6, '1', 'A', 'tcr'),
(731, '1803065', 6, '1', 'A', 'tcr'),
(732, '1803066', 6, '1', 'A', 'tcr'),
(733, '1803067', 6, '1', '3', 'tcr'),
(734, '1803068', 6, '1', 'A', 'tcr'),
(735, '1803069', 6, '1', 'A', 'tcr'),
(736, '1803070', 6, '1', 'A', 'tcr'),
(737, '1803071', 6, '1', 'A', 'tcr'),
(738, '1803072', 6, '1', 'A', 'tcr'),
(739, '1803073', 6, '1', 'A', 'tcr'),
(740, '1803074', 6, '1', 'A', 'tcr'),
(741, '1803075', 6, '1', 'A', 'tcr'),
(742, '1803076', 6, '1', 'A', 'tcr'),
(743, '1803077', 6, '1', 'A', 'tcr'),
(744, '1803078', 6, '1', 'A', 'tcr'),
(745, '1803079', 6, '1', 'A', 'tcr'),
(746, '1803080', 6, '1', 'A', 'tcr'),
(747, '1803081', 6, '1', 'A', 'tcr'),
(748, '1803082', 6, '1', 'A', 'tcr'),
(749, '1803083', 6, '1', '6', 'tcr'),
(750, '1803084', 6, '1', 'A', 'tcr'),
(751, '1803085', 6, '1', 'A', 'tcr'),
(752, '1803086', 6, '1', 'A', 'tcr'),
(753, '1803087', 6, '1', 'A', 'tcr'),
(754, '1803088', 6, '1', 'A', 'tcr'),
(755, '1803089', 6, '1', 'A', 'tcr'),
(756, '1803090', 6, '1', 'A', 'tcr'),
(757, '1803091', 6, '1', '6', 'tcr'),
(758, '1803092', 6, '1', 'A', 'tcr'),
(759, '1803093', 6, '1', 'A', 'tcr'),
(760, '1803094', 6, '1', 'A', 'tcr'),
(761, '1803095', 6, '1', 'A', 'tcr'),
(762, '1803096', 6, '1', 'A', 'tcr'),
(763, '1803097', 6, '1', 'A', 'tcr'),
(764, '1803098', 6, '1', '6', 'tcr'),
(765, '1803099', 6, '1', 'A', 'tcr'),
(766, '1803100', 6, '1', 'A', 'tcr'),
(767, '1803101', 6, '1', 'A', 'tcr'),
(768, '1803102', 6, '1', 'A', 'tcr'),
(769, '1803103', 6, '1', 'A', 'tcr'),
(770, '1803104', 6, '1', 'A', 'tcr'),
(771, '1803105', 6, '1', 'A', 'tcr'),
(772, '1803106', 6, '1', 'A', 'tcr'),
(773, '1803107', 6, '1', 'A', 'tcr'),
(774, '1803108', 6, '1', 'A', 'tcr'),
(775, '1803109', 6, '1', 'A', 'tcr'),
(776, '1803110', 6, '1', 'A', 'tcr'),
(777, '1803111', 6, '1', 'A', 'tcr'),
(778, '1803112', 6, '1', 'A', 'tcr'),
(779, '1803113', 6, '1', 'A', 'tcr'),
(780, '1803114', 6, '1', 'A', 'tcr'),
(781, '1803115', 6, '1', 'A', 'tcr'),
(782, '1803116', 6, '1', 'A', 'tcr'),
(783, '1803117', 6, '1', '4', 'tcr'),
(784, '1803118', 6, '1', 'A', 'tcr'),
(785, '1803119', 6, '1', 'A', 'tcr'),
(786, '1803120', 6, '1', 'A', 'tcr'),
(787, '1803061', 5, '1', '7', 'DIP '),
(788, '1803062', 5, '1', '9', 'DIP '),
(789, '1803063', 5, '1', '7', 'DIP '),
(790, '1803064', 5, '1', '9', 'DIP '),
(791, '1803065', 5, '1', 'A', 'DIP '),
(792, '1803066', 5, '1', 'A', 'DIP '),
(793, '1803067', 5, '1', '11', 'DIP '),
(794, '1803068', 5, '1', 'A', 'DIP '),
(795, '1803069', 5, '1', 'A', 'DIP '),
(796, '1803070', 5, '1', 'A', 'DIP '),
(797, '1803071', 5, '1', 'A', 'DIP '),
(798, '1803072', 5, '1', 'A', 'DIP '),
(799, '1803073', 5, '1', 'A', 'DIP '),
(800, '1803074', 5, '1', 'A', 'DIP '),
(801, '1803075', 5, '1', 'A', 'DIP '),
(802, '1803076', 5, '1', 'A', 'DIP '),
(803, '1803077', 5, '1', 'A', 'DIP '),
(804, '1803078', 5, '1', 'A', 'DIP '),
(805, '1803079', 5, '1', 'A', 'DIP '),
(806, '1803080', 5, '1', 'A', 'DIP '),
(807, '1803081', 5, '1', 'A', 'DIP '),
(808, '1803082', 5, '1', 'A', 'DIP '),
(809, '1803083', 5, '1', 'A', 'DIP '),
(810, '1803084', 5, '1', 'A', 'DIP '),
(811, '1803085', 5, '1', 'A', 'DIP '),
(812, '1803086', 5, '1', 'A', 'DIP '),
(813, '1803087', 5, '1', 'A', 'DIP '),
(814, '1803088', 5, '1', 'A', 'DIP '),
(815, '1803089', 5, '1', 'A', 'DIP '),
(816, '1803090', 5, '1', 'A', 'DIP '),
(817, '1803091', 5, '1', 'A', 'DIP '),
(818, '1803092', 5, '1', 'A', 'DIP '),
(819, '1803093', 5, '1', '7', 'DIP '),
(820, '1803094', 5, '1', 'A', 'DIP '),
(821, '1803095', 5, '1', 'A', 'DIP '),
(822, '1803096', 5, '1', 'A', 'DIP '),
(823, '1803097', 5, '1', 'A', 'DIP '),
(824, '1803098', 5, '1', 'A', 'DIP '),
(825, '1803099', 5, '1', 'A', 'DIP '),
(826, '1803100', 5, '1', 'A', 'DIP '),
(827, '1803101', 5, '1', 'A', 'DIP '),
(828, '1803102', 5, '1', 'A', 'DIP '),
(829, '1803103', 5, '1', 'A', 'DIP '),
(830, '1803104', 5, '1', 'A', 'DIP '),
(831, '1803105', 5, '1', 'A', 'DIP '),
(832, '1803106', 5, '1', 'A', 'DIP '),
(833, '1803107', 5, '1', 'A', 'DIP '),
(834, '1803108', 5, '1', 'A', 'DIP '),
(835, '1803109', 5, '1', 'A', 'DIP '),
(836, '1803110', 5, '1', 'A', 'DIP '),
(837, '1803111', 5, '1', 'A', 'DIP '),
(838, '1803112', 5, '1', 'A', 'DIP '),
(839, '1803113', 5, '1', 'A', 'DIP '),
(840, '1803114', 5, '1', 'A', 'DIP '),
(841, '1803115', 5, '1', 'A', 'DIP '),
(842, '1803116', 5, '1', 'A', 'DIP '),
(843, '1803117', 5, '1', 'A', 'DIP '),
(844, '1803118', 5, '1', 'A', 'DIP '),
(845, '1803119', 5, '1', 'A', 'DIP '),
(846, '1803120', 5, '1', 'A', 'DIP '),
(847, '1803061', 5, '3', 'A', 'DIP '),
(848, '1803062', 5, '3', '7', 'DIP '),
(849, '1803063', 5, '3', 'A', 'DIP '),
(850, '1803064', 5, '3', 'A', 'DIP '),
(851, '1803065', 5, '3', 'A', 'DIP '),
(852, '1803066', 5, '3', '5', 'DIP '),
(853, '1803067', 5, '3', '6', 'DIP '),
(854, '1803068', 5, '3', 'A', 'DIP '),
(855, '1803069', 5, '3', 'A', 'DIP '),
(856, '1803070', 5, '3', 'A', 'DIP '),
(857, '1803071', 5, '3', 'A', 'DIP '),
(858, '1803072', 5, '3', 'A', 'DIP '),
(859, '1803073', 5, '3', 'A', 'DIP '),
(860, '1803074', 5, '3', 'A', 'DIP '),
(861, '1803075', 5, '3', 'A', 'DIP '),
(862, '1803076', 5, '3', 'A', 'DIP '),
(863, '1803077', 5, '3', 'A', 'DIP '),
(864, '1803078', 5, '3', 'A', 'DIP '),
(865, '1803079', 5, '3', 'A', 'DIP '),
(866, '1803080', 5, '3', '6', 'DIP '),
(867, '1803081', 5, '3', 'A', 'DIP '),
(868, '1803082', 5, '3', 'A', 'DIP '),
(869, '1803083', 5, '3', 'A', 'DIP '),
(870, '1803084', 5, '3', 'A', 'DIP '),
(871, '1803085', 5, '3', 'A', 'DIP '),
(872, '1803086', 5, '3', 'A', 'DIP '),
(873, '1803087', 5, '3', 'A', 'DIP '),
(874, '1803088', 5, '3', '8', 'DIP '),
(875, '1803089', 5, '3', 'A', 'DIP '),
(876, '1803090', 5, '3', 'A', 'DIP '),
(877, '1803091', 5, '3', 'A', 'DIP '),
(878, '1803092', 5, '3', 'A', 'DIP '),
(879, '1803093', 5, '3', 'A', 'DIP '),
(880, '1803094', 5, '3', 'A', 'DIP '),
(881, '1803095', 5, '3', 'A', 'DIP '),
(882, '1803096', 5, '3', 'A', 'DIP '),
(883, '1803097', 5, '3', 'A', 'DIP '),
(884, '1803098', 5, '3', 'A', 'DIP '),
(885, '1803099', 5, '3', 'A', 'DIP '),
(886, '1803100', 5, '3', 'A', 'DIP '),
(887, '1803101', 5, '3', 'A', 'DIP '),
(888, '1803102', 5, '3', 'A', 'DIP '),
(889, '1803103', 5, '3', 'A', 'DIP '),
(890, '1803104', 5, '3', 'A', 'DIP '),
(891, '1803105', 5, '3', 'A', 'DIP '),
(892, '1803106', 5, '3', 'A', 'DIP '),
(893, '1803107', 5, '3', 'A', 'DIP '),
(894, '1803108', 5, '3', 'A', 'DIP '),
(895, '1803109', 5, '3', 'A', 'DIP '),
(896, '1803110', 5, '3', '8', 'DIP '),
(897, '1803111', 5, '3', 'A', 'DIP '),
(898, '1803112', 5, '3', 'A', 'DIP '),
(899, '1803113', 5, '3', 'A', 'DIP '),
(900, '1803114', 5, '3', 'A', 'DIP '),
(901, '1803115', 5, '3', 'A', 'DIP '),
(902, '1803116', 5, '3', 'A', 'DIP '),
(903, '1803117', 5, '3', 'A', 'DIP '),
(904, '1803118', 5, '3', 'A', 'DIP '),
(905, '1803119', 5, '3', 'A', 'DIP '),
(906, '1803120', 5, '3', 'A', 'DIP ');

-- --------------------------------------------------------

--
-- Table structure for table `photo`
--

CREATE TABLE `photo` (
  `id` int(11) NOT NULL,
  `personID` int(11) NOT NULL,
  `image_url` varchar(300) NOT NULL
) ENGINE=InnoDB DEFAULT CHARSET=latin1;

--
-- Dumping data for table `photo`
--

INSERT INTO `photo` (`id`, `personID`, `image_url`) VALUES
(1, 1, 'img.svg'),
(2, 1, 'IMG-6277acec6f12d4.85081703.jpg'),
(3, 1, 'IMG-6277add25dc6c4.70560667.jpg'),
(4, 13, 'IMG-6277c667e38ef9.23524303.jpg'),
(5, 13, 'IMG-6277c7b31c14d2.34496893.jpg'),
(6, 13, 'IMG-6277c80131ae03.38786319.jpg'),
(7, 13, 'IMG-6277c8d85fe5c0.65297659.jpg'),
(8, 2, 'IMG-6277c933dcb5e2.02004639.jpg'),
(9, 2, 'IMG-6277c96355e006.76103498.jpg'),
(10, 2, 'IMG-6277d53615b1f0.88288607.jpg'),
(11, 1, 'IMG-6277d6570c0ef1.99433081.jpg'),
(12, 1, 'IMG-6278fa8c301e01.16394077.jpg'),
(13, 1, 'IMG-627a81a89115e9.06202417.jpg'),
(14, 2, 'IMG-627bc9febcf2d6.53409268.jpg'),
(15, 14, 'IMG-627bd0476cdf76.28994398.jpg'),
(16, 2, 'IMG-6285403f5f7d58.31490651.jpg'),
(17, 1, 'IMG-62861be5431a60.53869706.jpeg'),
(18, 27, 'IMG-628f64a71674f2.85649262.jpg');

-- --------------------------------------------------------

--
-- Table structure for table `profile`
--

CREATE TABLE `profile` (
  `id` int(11) NOT NULL,
  `personID` int(11) NOT NULL
) ENGINE=InnoDB DEFAULT CHARSET=latin1;

-- --------------------------------------------------------

--
-- Table structure for table `student`
--

CREATE TABLE `student` (
  `id` int(11) NOT NULL,
  `deptid` int(11) NOT NULL,
  `year` varchar(10) NOT NULL,
  `sem` varchar(11) NOT NULL
) ENGINE=InnoDB DEFAULT CHARSET=utf8mb4;

--
-- Dumping data for table `student`
--

INSERT INTO `student` (`id`, `deptid`, `year`, `sem`) VALUES
(1, 1, '3rd', 'even'),
(101, 1, '4th', 'even'),
(2, 1, '', ''),
(103, 1, '', ''),
(105, 1, '', ''),
(107, 1, '', ''),
(109, 1, '', ''),
(111, 1, '', ''),
(112, 1, '3rd', 'even'),
(113, 1, '2nd', 'even');

--
-- Indexes for dumped tables
--

--
-- Indexes for table `attendance`
--
ALTER TABLE `attendance`
  ADD PRIMARY KEY (`id`);

--
-- Indexes for table `course`
--
ALTER TABLE `course`
  ADD PRIMARY KEY (`id`);

--
-- Indexes for table `courselist`
--
ALTER TABLE `courselist`
  ADD PRIMARY KEY (`cid`);

--
-- Indexes for table `dept`
--
ALTER TABLE `dept`
  ADD PRIMARY KEY (`deptid`);

--
-- Indexes for table `finalmark`
--
ALTER TABLE `finalmark`
  ADD PRIMARY KEY (`id`);

--
-- Indexes for table `login`
--
ALTER TABLE `login`
  ADD PRIMARY KEY (`id`);

--
-- Indexes for table `marks`
--
ALTER TABLE `marks`
  ADD PRIMARY KEY (`id`);

--
-- Indexes for table `photo`
--
ALTER TABLE `photo`
  ADD PRIMARY KEY (`id`);

--
-- Indexes for table `profile`
--
ALTER TABLE `profile`
  ADD PRIMARY KEY (`id`);

--
-- AUTO_INCREMENT for dumped tables
--

--
-- AUTO_INCREMENT for table `attendance`
--
ALTER TABLE `attendance`
  MODIFY `id` int(11) NOT NULL AUTO_INCREMENT, AUTO_INCREMENT=2346;

--
-- AUTO_INCREMENT for table `course`
--
ALTER TABLE `course`
  MODIFY `id` int(11) NOT NULL AUTO_INCREMENT, AUTO_INCREMENT=55;

--
-- AUTO_INCREMENT for table `courselist`
--
ALTER TABLE `courselist`
  MODIFY `cid` int(11) NOT NULL AUTO_INCREMENT, AUTO_INCREMENT=37;

--
-- AUTO_INCREMENT for table `dept`
--
ALTER TABLE `dept`
  MODIFY `deptid` int(11) NOT NULL AUTO_INCREMENT, AUTO_INCREMENT=13;

--
-- AUTO_INCREMENT for table `finalmark`
--
ALTER TABLE `finalmark`
  MODIFY `id` int(11) NOT NULL AUTO_INCREMENT, AUTO_INCREMENT=481;

--
-- AUTO_INCREMENT for table `login`
--
ALTER TABLE `login`
  MODIFY `id` int(11) NOT NULL AUTO_INCREMENT, AUTO_INCREMENT=114;

--
-- AUTO_INCREMENT for table `marks`
--
ALTER TABLE `marks`
  MODIFY `id` int(11) NOT NULL AUTO_INCREMENT, AUTO_INCREMENT=907;

--
-- AUTO_INCREMENT for table `photo`
--
ALTER TABLE `photo`
  MODIFY `id` int(11) NOT NULL AUTO_INCREMENT, AUTO_INCREMENT=19;

--
-- AUTO_INCREMENT for table `profile`
--
ALTER TABLE `profile`
  MODIFY `id` int(11) NOT NULL AUTO_INCREMENT;
COMMIT;

/*!40101 SET CHARACTER_SET_CLIENT=@OLD_CHARACTER_SET_CLIENT */;
/*!40101 SET CHARACTER_SET_RESULTS=@OLD_CHARACTER_SET_RESULTS */;
/*!40101 SET COLLATION_CONNECTION=@OLD_COLLATION_CONNECTION */;
